,p1,p2,p3,Db_mean,Db_std,Db_median
0,0.0,0.0,0.0,0.0,0.0,-0.0
1,0.0,0.0,0.1,0.0,0.0,-0.0
2,0.0,0.0,0.2,0.0,0.0,-0.0
3,0.0,0.0,0.3,0.0,0.0,-0.0
4,0.0,0.0,0.4,0.0,0.0,-0.0
5,0.0,0.0,0.5,0.0,0.0,-0.0
6,0.0,0.0,0.6,0.0,0.0,-0.0
7,0.0,0.0,0.7,0.0,0.0,-0.0
8,0.0,0.0,0.8,0.0,0.0,-0.0
9,0.0,0.0,0.9,0.0,0.0,-0.0
10,0.0,0.0,1.0,0.0,0.0,-0.0
11,0.0,0.1,0.0,0.0,0.0,-0.0
12,0.0,0.1,0.1,0.0,0.0,-0.0
13,0.0,0.1,0.2,0.0,0.0,-0.0
14,0.0,0.1,0.3,0.0,0.0,-0.0
15,0.0,0.1,0.4,0.0,0.0,-0.0
16,0.0,0.1,0.5,0.0,0.0,-0.0
17,0.0,0.1,0.6,0.0,0.0,-0.0
18,0.0,0.1,0.7,0.0,0.0,-0.0
19,0.0,0.1,0.8,0.0,0.0,-0.0
20,0.0,0.1,0.9,0.0,0.0,-0.0
21,0.0,0.1,1.0,0.0,0.0,-0.0
22,0.0,0.2,0.0,0.0,0.0,-0.0
23,0.0,0.2,0.1,0.0,0.0,-0.0
24,0.0,0.2,0.2,0.0,0.0,-0.0
25,0.0,0.2,0.3,0.0,0.0,-0.0
26,0.0,0.2,0.4,0.0,0.0,-0.0
27,0.0,0.2,0.5,0.0,0.0,-0.0
28,0.0,0.2,0.6,0.0,0.0,-0.0
29,0.0,0.2,0.7,0.0,0.0,-0.0
30,0.0,0.2,0.8,0.0,0.0,-0.0
31,0.0,0.2,0.9,0.0,0.0,-0.0
32,0.0,0.2,1.0,0.0,0.0,-0.0
33,0.0,0.3,0.0,0.0,0.0,-0.0
34,0.0,0.3,0.1,0.0,0.0,-0.0
35,0.0,0.3,0.2,0.0,0.0,-0.0
36,0.0,0.3,0.3,0.0,0.0,-0.0
37,0.0,0.3,0.4,0.0,0.0,-0.0
38,0.0,0.3,0.5,0.0,0.0,-0.0
39,0.0,0.3,0.6,0.0,0.0,-0.0
40,0.0,0.3,0.7,0.0,0.0,-0.0
41,0.0,0.3,0.8,0.0,0.0,-0.0
42,0.0,0.3,0.9,0.0,0.0,-0.0
43,0.0,0.3,1.0,0.0,0.0,-0.0
44,0.0,0.4,0.0,0.0,0.0,-0.0
45,0.0,0.4,0.1,0.0,0.0,-0.0
46,0.0,0.4,0.2,0.0,0.0,-0.0
47,0.0,0.4,0.3,0.0,0.0,-0.0
48,0.0,0.4,0.4,0.0,0.0,-0.0
49,0.0,0.4,0.5,0.0,0.0,-0.0
50,0.0,0.4,0.6,0.0,0.0,-0.0
51,0.0,0.4,0.7,0.0,0.0,-0.0
52,0.0,0.4,0.8,0.0,0.0,-0.0
53,0.0,0.4,0.9,0.0,0.0,-0.0
54,0.0,0.4,1.0,0.0,0.0,-0.0
55,0.0,0.5,0.0,0.0,0.0,-0.0
56,0.0,0.5,0.1,0.0,0.0,-0.0
57,0.0,0.5,0.2,0.0,0.0,-0.0
58,0.0,0.5,0.3,0.0,0.0,-0.0
59,0.0,0.5,0.4,0.0,0.0,-0.0
60,0.0,0.5,0.5,0.0,0.0,-0.0
61,0.0,0.5,0.6,0.0,0.0,-0.0
62,0.0,0.5,0.7,0.0,0.0,-0.0
63,0.0,0.5,0.8,0.0,0.0,-0.0
64,0.0,0.5,0.9,0.0,0.0,-0.0
65,0.0,0.5,1.0,0.0,0.0,-0.0
66,0.0,0.6,0.0,0.0,0.0,-0.0
67,0.0,0.6,0.1,0.0,0.0,-0.0
68,0.0,0.6,0.2,0.0,0.0,-0.0
69,0.0,0.6,0.3,0.0,0.0,-0.0
70,0.0,0.6,0.4,0.0,0.0,-0.0
71,0.0,0.6,0.5,0.0,0.0,-0.0
72,0.0,0.6,0.6,0.0,0.0,-0.0
73,0.0,0.6,0.7,0.0,0.0,-0.0
74,0.0,0.6,0.8,0.0,0.0,-0.0
75,0.0,0.6,0.9,0.0,0.0,-0.0
76,0.0,0.6,1.0,0.0,0.0,-0.0
77,0.0,0.7,0.0,0.0,0.0,-0.0
78,0.0,0.7,0.1,0.0,0.0,-0.0
79,0.0,0.7,0.2,0.0,0.0,-0.0
80,0.0,0.7,0.3,0.0,0.0,-0.0
81,0.0,0.7,0.4,0.0,0.0,-0.0
82,0.0,0.7,0.5,0.0,0.0,-0.0
83,0.0,0.7,0.6,0.0,0.0,-0.0
84,0.0,0.7,0.7,0.0,0.0,-0.0
85,0.0,0.7,0.8,0.0,0.0,-0.0
86,0.0,0.7,0.9,0.0,0.0,-0.0
87,0.0,0.7,1.0,0.0,0.0,-0.0
88,0.0,0.8,0.0,0.0,0.0,-0.0
89,0.0,0.8,0.1,0.0,0.0,-0.0
90,0.0,0.8,0.2,0.0,0.0,-0.0
91,0.0,0.8,0.3,0.0,0.0,-0.0
92,0.0,0.8,0.4,0.0,0.0,-0.0
93,0.0,0.8,0.5,0.0,0.0,-0.0
94,0.0,0.8,0.6,0.0,0.0,-0.0
95,0.0,0.8,0.7,0.0,0.0,-0.0
96,0.0,0.8,0.8,0.0,0.0,-0.0
97,0.0,0.8,0.9,0.0,0.0,-0.0
98,0.0,0.8,1.0,0.0,0.0,-0.0
99,0.0,0.9,0.0,0.0,0.0,-0.0
100,0.0,0.9,0.1,0.0,0.0,-0.0
101,0.0,0.9,0.2,0.0,0.0,-0.0
102,0.0,0.9,0.3,0.0,0.0,-0.0
103,0.0,0.9,0.4,0.0,0.0,-0.0
104,0.0,0.9,0.5,0.0,0.0,-0.0
105,0.0,0.9,0.6,0.0,0.0,-0.0
106,0.0,0.9,0.7,0.0,0.0,-0.0
107,0.0,0.9,0.8,0.0,0.0,-0.0
108,0.0,0.9,0.9,0.0,0.0,-0.0
109,0.0,0.9,1.0,0.0,0.0,-0.0
110,0.0,1.0,0.0,0.0,0.0,-0.0
111,0.0,1.0,0.1,0.0,0.0,-0.0
112,0.0,1.0,0.2,0.0,0.0,-0.0
113,0.0,1.0,0.3,0.0,0.0,-0.0
114,0.0,1.0,0.4,0.0,0.0,-0.0
115,0.0,1.0,0.5,0.0,0.0,-0.0
116,0.0,1.0,0.6,0.0,0.0,-0.0
117,0.0,1.0,0.7,0.0,0.0,-0.0
118,0.0,1.0,0.8,0.0,0.0,-0.0
119,0.0,1.0,0.9,0.0,0.0,-0.0
120,0.0,1.0,1.0,0.0,0.0,-0.0
121,0.1,0.0,0.0,0.0,0.0,-0.0
122,0.1,0.0,0.1,0.0,0.0,-0.0
123,0.1,0.0,0.2,0.0,0.0,-0.0
124,0.1,0.0,0.3,0.0,0.0,-0.0
125,0.1,0.0,0.4,0.0,0.0,-0.0
126,0.1,0.0,0.5,0.0,0.0,-0.0
127,0.1,0.0,0.6,0.0,0.0,-0.0
128,0.1,0.0,0.7,0.0,0.0,-0.0
129,0.1,0.0,0.8,0.0,0.0,-0.0
130,0.1,0.0,0.9,0.0,0.0,-0.0
131,0.1,0.0,1.0,0.0,0.0,-0.0
132,0.1,0.1,0.0,0.0,0.0,-0.0
133,0.1,0.1,0.1,0.8720885209711101,0.05616758534110997,0.8635808218948571
134,0.1,0.1,0.2,1.0101986636730889,0.06753820693368111,1.0384773489605577
135,0.1,0.1,0.3,1.0506194215431415,0.05005738920095693,1.0632775210926482
136,0.1,0.1,0.4,1.0607768432669693,0.06656764306160545,1.0529268652304766
137,0.1,0.1,0.5,1.1387496902798016,0.03369359283909621,1.133342189380863
138,0.1,0.1,0.6,1.1040880449680963,0.06288976226110503,1.119339326889996
139,0.1,0.1,0.7,1.104968832664789,0.061514424621504554,1.10317269838885
140,0.1,0.1,0.8,1.1201315300138703,0.06642141648120375,1.113500398073509
141,0.1,0.1,0.9,1.1256902181183945,0.06563991278847518,1.149603263441115
142,0.1,0.1,1.0,1.1699286476555633,0.032319691738639404,1.167045723837166
143,0.1,0.2,0.0,0.0,0.0,-0.0
144,0.1,0.2,0.1,1.0462054633270896,0.05027565298575394,1.0448221732588183
145,0.1,0.2,0.2,1.1229300818614836,0.0708008061266022,1.1383584506005886
146,0.1,0.2,0.3,1.1714646665101338,0.07091991540000604,1.1943877319327625
147,0.1,0.2,0.4,1.1896646028850548,0.0536162059306945,1.1714788643016383
148,0.1,0.2,0.5,1.2335721780869342,0.056445291230989264,1.2515295726121254
149,0.1,0.2,0.6,1.2438432903909804,0.07613106943167194,1.239878170533133
150,0.1,0.2,0.7,1.2739165124727818,0.06195893240123909,1.2916590638427305
151,0.1,0.2,0.8,1.2503064870161638,0.05850533277686864,1.2509921423762236
152,0.1,0.2,0.9,1.27048639014883,0.04930252822617985,1.2693654875149476
153,0.1,0.2,1.0,1.3146468726520564,0.06636163027548878,1.3171996571768363
154,0.1,0.3,0.0,0.0,0.0,-0.0
155,0.1,0.3,0.1,1.1159752353140593,0.048712629028153424,1.1250078369935237
156,0.1,0.3,0.2,1.2265845092473286,0.031614080914695794,1.2116000500986486
157,0.1,0.3,0.3,1.243863188520034,0.06681834902531636,1.2568858902773932
158,0.1,0.3,0.4,1.2360750977468382,0.08176839354815739,1.2662427427740972
159,0.1,0.3,0.5,1.337128545890303,0.06536789468513304,1.3597870660305207
160,0.1,0.3,0.6,1.310284540240421,0.06090503970903732,1.3254332551466985
161,0.1,0.3,0.7,1.3612776089529757,0.04708772248626554,1.3549245846231077
162,0.1,0.3,0.8,1.3208256416475161,0.08091376329548375,1.336445931365629
163,0.1,0.3,0.9,1.358131802836842,0.10507252946090333,1.3795835456685386
164,0.1,0.3,1.0,1.3830893764805305,0.055937141089811106,1.3746870454273337
165,0.1,0.4,0.0,0.0,0.0,-0.0
166,0.1,0.4,0.1,1.1998798187124953,0.03636226532654262,1.1964626040596271
167,0.1,0.4,0.2,1.2772422688970537,0.044169110828120715,1.2808171487367668
168,0.1,0.4,0.3,1.338385907797371,0.042426940404381094,1.3310684333571585
169,0.1,0.4,0.4,1.3505905064007708,0.05553331602411799,1.3650550099981935
170,0.1,0.4,0.5,1.404214199884431,0.036183290844318934,1.4071502587455345
171,0.1,0.4,0.6,1.3949369720227665,0.042686470563617566,1.410923209064112
172,0.1,0.4,0.7,1.3704374317665107,0.05322816004208628,1.3699678072671344
173,0.1,0.4,0.8,1.4361865910769962,0.037961603708530155,1.4394993320285017
174,0.1,0.4,0.9,1.4196514747597022,0.07262551630154644,1.4284420768894055
175,0.1,0.4,1.0,1.4478234114665596,0.0752650352345456,1.4503290339486927
176,0.1,0.5,0.0,0.0,0.0,-0.0
177,0.1,0.5,0.1,1.2236915844524892,0.05325240809210083,1.2254960361482257
178,0.1,0.5,0.2,1.2916835520025098,0.07705068528953835,1.2658845560265948
179,0.1,0.5,0.3,1.3406941331335758,0.06392783082477377,1.3354700410464528
180,0.1,0.5,0.4,1.4084674665289445,0.03400342105263828,1.402722527179602
181,0.1,0.5,0.5,1.4491102044995356,0.03676019233255343,1.4475360436304894
182,0.1,0.5,0.6,1.4439969521046827,0.047833494211430946,1.4428595616732895
183,0.1,0.5,0.7,1.4574477163644022,0.03863617187737378,1.4594552262494878
184,0.1,0.5,0.8,1.459581639341037,0.047002876456399764,1.452395432563304
185,0.1,0.5,0.9,1.4665832404998222,0.07230251554069883,1.4682883974063647
186,0.1,0.5,1.0,1.4635153413459454,0.056943047439068036,1.4574908047019601
187,0.1,0.6,0.0,0.0,0.0,-0.0
188,0.1,0.6,0.1,1.2687081749554627,0.05396099495431329,1.2873427854213388
189,0.1,0.6,0.2,1.371139175549972,0.04802053332648255,1.3927143033933804
190,0.1,0.6,0.3,1.4052434661036206,0.0588109075062093,1.3972351173951
191,0.1,0.6,0.4,1.4480942662570389,0.06740374669151615,1.4441631924771752
192,0.1,0.6,0.5,1.3103624847368813,0.4641610985811323,1.4608111513913333
193,0.1,0.6,0.6,1.4774866653908219,0.04681953797269188,1.4697159524614904
194,0.1,0.6,0.7,1.4950836784638462,0.029360755789664583,1.4820461469210837
195,0.1,0.6,0.8,1.520148160663327,0.04621323050018979,1.513908063215345
196,0.1,0.6,0.9,1.5208130048544093,0.033872214384496474,1.5196779768677025
197,0.1,0.6,1.0,1.4831821305254913,0.050851472497495324,1.4706393346390807
198,0.1,0.7,0.0,0.0,0.0,-0.0
199,0.1,0.7,0.1,1.284840983530676,0.06070620027267409,1.2847168288296187
200,0.1,0.7,0.2,1.4031773365917757,0.04727824909803801,1.4202832632784164
201,0.1,0.7,0.3,1.4637776836271876,0.04209151108262793,1.4691661053051752
202,0.1,0.7,0.4,1.4485094984036069,0.06473152910272299,1.4536465214473226
203,0.1,0.7,0.5,1.4935115662508944,0.05535796318215987,1.4995022365980217
204,0.1,0.7,0.6,1.5575565527741015,0.038183603723652274,1.5601736142578257
205,0.1,0.7,0.7,1.5245133787228178,0.034793950593322964,1.5302826026454595
206,0.1,0.7,0.8,1.531895154466013,0.041457391187152054,1.5125521313621229
207,0.1,0.7,0.9,1.5573063649460193,0.05272050751938978,1.5571291832585283
208,0.1,0.7,1.0,1.5544840057967957,0.060386625635395014,1.559811421459126
209,0.1,0.8,0.0,0.0,0.0,-0.0
210,0.1,0.8,0.1,1.3008063052394025,0.07506460788589124,1.321941313782741
211,0.1,0.8,0.2,1.460783235508058,0.05275249311131872,1.4782470764661557
212,0.1,0.8,0.3,1.4630080495598698,0.0674282202304154,1.480055723842207
213,0.1,0.8,0.4,1.5131040097530764,0.04474679344071453,1.5053700392335738
214,0.1,0.8,0.5,1.5145491844585393,0.06260175628685782,1.5192736069950228
215,0.1,0.8,0.6,1.5189197846020215,0.06067199669747666,1.5049724277211292
216,0.1,0.8,0.7,1.5610835665880334,0.03762191533725757,1.56217251678813
217,0.1,0.8,0.8,1.5833625486373593,0.025420904845178397,1.587677460545748
218,0.1,0.8,0.9,1.5793338690405383,0.04774500743515226,1.556237550750861
219,0.1,0.8,1.0,1.5599173047777652,0.042320409204379204,1.5610184153334115
220,0.1,0.9,0.0,0.0,0.0,-0.0
221,0.1,0.9,0.1,1.3707352830214705,0.036415517554122145,1.3860409596952725
222,0.1,0.9,0.2,1.4565311166239454,0.050408837610533976,1.4592407388604705
223,0.1,0.9,0.3,1.45825242843503,0.051470493110800715,1.4565089082034095
224,0.1,0.9,0.4,1.5320259272748031,0.04998087406234878,1.5173018512251786
225,0.1,0.9,0.5,1.5497162065256072,0.053044873514995275,1.5674719002546598
226,0.1,0.9,0.6,1.5499653793958565,0.05069261239575089,1.5469032061700752
227,0.1,0.9,0.7,1.5831170455913974,0.05085185042831394,1.59104785657253
228,0.1,0.9,0.8,1.6066095024042646,0.05350194133728833,1.6084899900547653
229,0.1,0.9,0.9,1.5925328007683386,0.0799733546310221,1.6265207298455397
230,0.1,0.9,1.0,1.6171045164807119,0.04768055452221002,1.6104272977151615
231,0.1,1.0,0.0,0.0,0.0,-0.0
232,0.1,1.0,0.1,1.3696104914465583,0.046933487202563864,1.3665692932068683
233,0.1,1.0,0.2,1.4463852803796713,0.06124040402207744,1.4731180354464493
234,0.1,1.0,0.3,1.5215245672278621,0.04427074181208586,1.5204112540627477
235,0.1,1.0,0.4,1.5551669215142288,0.049116556217740186,1.5402463261420976
236,0.1,1.0,0.5,1.564815908343753,0.03988288159576729,1.573428747949408
237,0.1,1.0,0.6,1.59215693437591,0.04732391374311842,1.609645020319339
238,0.1,1.0,0.7,1.60167341680231,0.059125082321459965,1.6045308405267997
239,0.1,1.0,0.8,1.6053092869100538,0.06043494935470978,1.6013512020170746
240,0.1,1.0,0.9,1.5838320393569776,0.06252537698081329,1.5886097411590479
241,0.1,1.0,1.0,1.6260796331442848,0.053796886713844,1.6397130390345682
242,0.2,0.0,0.0,0.0,0.0,-0.0
243,0.2,0.0,0.1,0.0,0.0,-0.0
244,0.2,0.0,0.2,0.0,0.0,-0.0
245,0.2,0.0,0.3,0.0,0.0,-0.0
246,0.2,0.0,0.4,0.0,0.0,-0.0
247,0.2,0.0,0.5,0.0,0.0,-0.0
248,0.2,0.0,0.6,0.0,0.0,-0.0
249,0.2,0.0,0.7,0.0,0.0,-0.0
250,0.2,0.0,0.8,0.0,0.0,-0.0
251,0.2,0.0,0.9,0.0,0.0,-0.0
252,0.2,0.0,1.0,0.0,0.0,-0.0
253,0.2,0.1,0.0,0.0,0.0,-0.0
254,0.2,0.1,0.1,0.9797888939712258,0.056590758723917126,1.001958893986605
255,0.2,0.1,0.2,1.0644904653704974,0.05133811988748918,1.0686662547056818
256,0.2,0.1,0.3,1.1092728454900924,0.04309055424473879,1.1165538003463376
257,0.2,0.1,0.4,1.0476604157928981,0.3708886501290494,1.1574086671784656
258,0.2,0.1,0.5,1.0592404412034635,0.37570094554366534,1.1813594569999255
259,0.2,0.1,0.6,1.1922539782574773,0.029792310735109954,1.1934701800772816
260,0.2,0.1,0.7,1.208157960056218,0.05384079164597558,1.2125235183026803
261,0.2,0.1,0.8,1.200272971286674,0.07213770123886735,1.186987446342083
262,0.2,0.1,0.9,1.229187344370713,0.02953962352294285,1.2277094888775806
263,0.2,0.1,1.0,1.2060848777511533,0.049222737571481635,1.2155323308196337
264,0.2,0.2,0.0,0.0,0.0,-0.0
265,0.2,0.2,0.1,1.1359561188858733,0.03740206478076112,1.1283046451454177
266,0.2,0.2,0.2,1.2410969538987147,0.03733525903580292,1.2417796324453731
267,0.2,0.2,0.3,1.2581802269783062,0.039452058614112336,1.2531662088007938
268,0.2,0.2,0.4,1.303938070797496,0.03883393353358758,1.2970630426569567
269,0.2,0.2,0.5,1.3174820128990639,0.03505659800187602,1.329323515833027
270,0.2,0.2,0.6,1.3533313545905037,0.0509769937582424,1.3589823720577812
271,0.2,0.2,0.7,1.3702124037871883,0.040016492190875594,1.375225491566992
272,0.2,0.2,0.8,1.3457493707871497,0.04202920974872118,1.3622733878177966
273,0.2,0.2,0.9,1.3601511006394833,0.0461303705215971,1.371947100640988
274,0.2,0.2,1.0,1.3818118086963447,0.04785528991355366,1.3976479278533844
275,0.2,0.3,0.0,0.0,0.0,-0.0
276,0.2,0.3,0.1,1.2086685603134069,0.03792964672327369,1.2223627216563977
277,0.2,0.3,0.2,1.312050005327181,0.03804827928256896,1.3247281297104325
278,0.2,0.3,0.3,1.3595853388523613,0.038384601685196876,1.3523190108632246
279,0.2,0.3,0.4,1.3778657273161692,0.03147246967818778,1.3843303749813742
280,0.2,0.3,0.5,1.4195120262573726,0.030859801697913115,1.4125898457352006
281,0.2,0.3,0.6,1.4167196936850672,0.061129906476422254,1.4221519471732709
282,0.2,0.3,0.7,1.43769660365623,0.034381842877534,1.4381098502015892
283,0.2,0.3,0.8,1.4339019539323268,0.04963023912877145,1.4374033733830238
284,0.2,0.3,0.9,1.4563919547140896,0.04192506642125377,1.4556005295719605
285,0.2,0.3,1.0,1.487482271256876,0.037451203887003244,1.4957442420175555
286,0.2,0.4,0.0,0.0,0.0,-0.0
287,0.2,0.4,0.1,1.281049709101725,0.036293289450577,1.2775603101874418
288,0.2,0.4,0.2,1.3683341018959452,0.03557977781699761,1.3641115609550765
289,0.2,0.4,0.3,1.4157884691108253,0.04360517791406961,1.4116385725057607
290,0.2,0.4,0.4,1.4552986979875706,0.03938412876233603,1.4560523021314173
291,0.2,0.4,0.5,1.4802807017408084,0.026950545397967252,1.4843310345347533
292,0.2,0.4,0.6,1.4928609048578676,0.0534157146452661,1.5024144866075009
293,0.2,0.4,0.7,1.516538601976241,0.032833962206618786,1.5171249894238978
294,0.2,0.4,0.8,1.5449129822053664,0.0257819490509894,1.5473783121095293
295,0.2,0.4,0.9,1.503499341183766,0.0475743517923799,1.5196925008589974
296,0.2,0.4,1.0,1.513257100655025,0.03520067191534652,1.521391983322002
297,0.2,0.5,0.0,0.0,0.0,-0.0
298,0.2,0.5,0.1,1.2942296264647886,0.04415462481954392,1.283673754261255
299,0.2,0.5,0.2,1.3875756444456389,0.057388623081403606,1.3748739852595282
300,0.2,0.5,0.3,1.4456175023368705,0.06335127444200904,1.4677163773525166
301,0.2,0.5,0.4,1.4918385613901406,0.037916410384016344,1.4991769025193677
302,0.2,0.5,0.5,1.5322710726928823,0.031343733298248175,1.5438697678885989
303,0.2,0.5,0.6,1.516434024888844,0.04056656257225223,1.5149746716722579
304,0.2,0.5,0.7,1.5467146222801333,0.02653018456719332,1.5550834298839935
305,0.2,0.5,0.8,1.5712998893110595,0.03065981905128401,1.5701751929067431
306,0.2,0.5,0.9,1.5688059710189504,0.04498137091698057,1.572788712505
307,0.2,0.5,1.0,1.5892417439474382,0.052789735127585224,1.6037293793824041
308,0.2,0.6,0.0,0.0,0.0,-0.0
309,0.2,0.6,0.1,1.3638517675604016,0.020459290859385457,1.3581235985626374
310,0.2,0.6,0.2,1.4621099526750392,0.041156465066312944,1.4613954515196377
311,0.2,0.6,0.3,1.5172831307712193,0.032030304023030406,1.5205928151459633
312,0.2,0.6,0.4,1.5415766191992213,0.032579753321044146,1.5456209600682933
313,0.2,0.6,0.5,1.5719385997390183,0.055738172443564805,1.5772725034607786
314,0.2,0.6,0.6,1.5502571641079999,0.06187989249030946,1.5567016519878378
315,0.2,0.6,0.7,1.5922181343955821,0.028560955552316785,1.5880270878893916
316,0.2,0.6,0.8,1.5871996423207426,0.04976316308223676,1.5866905048030757
317,0.2,0.6,0.9,1.6013631697484088,0.03838628799311343,1.6086786589613333
318,0.2,0.6,1.0,1.60771016088298,0.03983603430858897,1.6014656942969632
319,0.2,0.7,0.0,0.0,0.0,-0.0
320,0.2,0.7,0.1,1.3989064625953866,0.03630358512085205,1.398420378567181
321,0.2,0.7,0.2,1.4792122449121168,0.023462453992169827,1.486008009508702
322,0.2,0.7,0.3,1.549753420998472,0.03855915526561049,1.5410251138564826
323,0.2,0.7,0.4,1.5788809765476854,0.031397309247888215,1.5822289961414553
324,0.2,0.7,0.5,1.5611596566201733,0.03494572356286145,1.57524010038687
325,0.2,0.7,0.6,1.6065696935268794,0.0354958685603928,1.60313145951398
326,0.2,0.7,0.7,1.6122109726572493,0.04822857653793809,1.612084548052422
327,0.2,0.7,0.8,1.6362644732508436,0.04187653981968477,1.642015085196583
328,0.2,0.7,0.9,1.623117456026571,0.03680034414473238,1.6267273678828125
329,0.2,0.7,1.0,1.631952111672953,0.048094476029239594,1.6273538994695342
330,0.2,0.8,0.0,0.0,0.0,-0.0
331,0.2,0.8,0.1,1.3996345683854654,0.04066272647670827,1.4027105951821555
332,0.2,0.8,0.2,1.5220671017529064,0.038645854065686554,1.5202324167304546
333,0.2,0.8,0.3,1.5672947096808252,0.027587054805925236,1.5674554779734824
334,0.2,0.8,0.4,1.6127433635406583,0.04946528245251349,1.6086065685294075
335,0.2,0.8,0.5,1.632310308156649,0.0502922064439721,1.645177845049256
336,0.2,0.8,0.6,1.6448219045037766,0.07932112718263401,1.6643315517396955
337,0.2,0.8,0.7,1.6460184677029002,0.04417159181270121,1.6413010162668147
338,0.2,0.8,0.8,1.654970848409139,0.029937468505277665,1.6606382079729047
339,0.2,0.8,0.9,1.6770857692132228,0.0422650346852543,1.6831013954705907
340,0.2,0.8,1.0,1.695500929805305,0.030006689220250123,1.6947157413148952
341,0.2,0.9,0.0,0.0,0.0,-0.0
342,0.2,0.9,0.1,1.44092105488233,0.025525219331052396,1.4434690025134098
343,0.2,0.9,0.2,1.5243445715357566,0.04398821001436457,1.540235403634294
344,0.2,0.9,0.3,1.608648975855025,0.043688443183086796,1.6211129478803443
345,0.2,0.9,0.4,1.637658619274513,0.03005374879711312,1.642850490119451
346,0.2,0.9,0.5,1.6441578686602458,0.03924743933575269,1.635478335978255
347,0.2,0.9,0.6,1.671447097591471,0.02199448849423272,1.6708241709834628
348,0.2,0.9,0.7,1.6705300399408274,0.030634648998446385,1.6666500665448476
349,0.2,0.9,0.8,1.6851613901142823,0.05846998631420878,1.6927981133101158
350,0.2,0.9,0.9,1.7014424324395698,0.03876191196020459,1.7058206390473902
351,0.2,0.9,1.0,1.708355238532863,0.031172425861901745,1.7079976514458994
352,0.2,1.0,0.0,0.0,0.0,-0.0
353,0.2,1.0,0.1,1.4779863807428408,0.04658590751946627,1.484346621433001
354,0.2,1.0,0.2,1.573795828973917,0.03504418499497006,1.5797451752367766
355,0.2,1.0,0.3,1.592160880529067,0.05696040276096903,1.6043119951422435
356,0.2,1.0,0.4,1.6507327130018137,0.033968216535574615,1.6633801734688984
357,0.2,1.0,0.5,1.6730188846094851,0.02962325359387216,1.6760519301965027
358,0.2,1.0,0.6,1.6882473591449543,0.028088273764436084,1.6930771431633063
359,0.2,1.0,0.7,1.7185154950892438,0.02217218081833061,1.7237562547882932
360,0.2,1.0,0.8,1.7162121166097997,0.03900965587254273,1.7407541266102062
361,0.2,1.0,0.9,1.7202476955445092,0.028518155240997985,1.7199427300687407
362,0.2,1.0,1.0,1.7239250382737061,0.030916282353387822,1.723646348744393
363,0.3,0.0,0.0,0.0,0.0,-0.0
364,0.3,0.0,0.1,0.0,0.0,-0.0
365,0.3,0.0,0.2,0.0,0.0,-0.0
366,0.3,0.0,0.3,0.0,0.0,-0.0
367,0.3,0.0,0.4,0.0,0.0,-0.0
368,0.3,0.0,0.5,0.0,0.0,-0.0
369,0.3,0.0,0.6,0.0,0.0,-0.0
370,0.3,0.0,0.7,0.0,0.0,-0.0
371,0.3,0.0,0.8,0.0,0.0,-0.0
372,0.3,0.0,0.9,0.0,0.0,-0.0
373,0.3,0.0,1.0,0.0,0.0,-0.0
374,0.3,0.1,0.0,0.0,0.0,-0.0
375,0.3,0.1,0.1,1.0312163604676943,0.044332458501430076,1.0323724398288339
376,0.3,0.1,0.2,1.140700362412754,0.02082677536900317,1.1413245258761129
377,0.3,0.1,0.3,1.1929091060294275,0.03533820732702459,1.1865848109419659
378,0.3,0.1,0.4,1.2107463900157907,0.03728144606623093,1.2071365734043702
379,0.3,0.1,0.5,1.232057669314409,0.03882103190664564,1.2461938405625859
380,0.3,0.1,0.6,1.2524577878028458,0.03666422520582942,1.2625898194347012
381,0.3,0.1,0.7,1.26317604923393,0.02640782137519832,1.270832074613144
382,0.3,0.1,0.8,1.2630967754970435,0.05143773899628175,1.2579006623821796
383,0.3,0.1,0.9,1.2795695013543258,0.04541038169576903,1.2937854439396146
384,0.3,0.1,1.0,1.3064352027242099,0.02324514035067596,1.3142646339028823
385,0.3,0.2,0.0,0.0,0.0,-0.0
386,0.3,0.2,0.1,1.1900162150394746,0.029901498681110462,1.1843916006146566
387,0.3,0.2,0.2,1.2858893494097845,0.026225974320584485,1.2872383803000327
388,0.3,0.2,0.3,1.3505370986468184,0.024122463898978822,1.350313803989496
389,0.3,0.2,0.4,1.3732526595971841,0.03365917277355921,1.3729474829253032
390,0.3,0.2,0.5,1.3671054211257163,0.035371067387275974,1.3768001541325863
391,0.3,0.2,0.6,1.4070753198495622,0.03380812536871371,1.409521170227731
392,0.3,0.2,0.7,1.419421671926327,0.024670857201811013,1.4250462460742541
393,0.3,0.2,0.8,1.4328316533372534,0.039158833742432314,1.4402346948917732
394,0.3,0.2,0.9,1.459653633544693,0.03263886683528372,1.46314273864963
395,0.3,0.2,1.0,1.4596604416182044,0.012408146316882064,1.462487320877742
396,0.3,0.3,0.0,0.0,0.0,-0.0
397,0.3,0.3,0.1,1.2749325561936593,0.02433296525107423,1.2712566098791171
398,0.3,0.3,0.2,1.3473902137058886,0.0403995765109076,1.3613721753952448
399,0.3,0.3,0.3,1.426948281775112,0.02814736457810187,1.4233290366639313
400,0.3,0.3,0.4,1.4639849216337304,0.03587099292730923,1.4662376672081265
401,0.3,0.3,0.5,1.476748441824612,0.04093696564488713,1.4643907111195964
402,0.3,0.3,0.6,1.4656215019255359,0.047130760073108416,1.4796038884063427
403,0.3,0.3,0.7,1.505324696339065,0.03402239913741616,1.4983524465670235
404,0.3,0.3,0.8,1.511579973234639,0.03107130333433769,1.5141552292161689
405,0.3,0.3,0.9,1.5201717272832613,0.026195301669002007,1.5214429150241886
406,0.3,0.3,1.0,1.5359364613653284,0.02755816918901742,1.5468665086504612
407,0.3,0.4,0.0,0.0,0.0,-0.0
408,0.3,0.4,0.1,1.3362689133444179,0.03818816058489258,1.334131160569129
409,0.3,0.4,0.2,1.4486804652913512,0.03465400447985329,1.4458278044088104
410,0.3,0.4,0.3,1.4753207634882526,0.027872907766958468,1.4737507918729107
411,0.3,0.4,0.4,1.5111875039184954,0.04364959855186773,1.5286659302046246
412,0.3,0.4,0.5,1.5433354378068052,0.02253455027189169,1.5516444679792405
413,0.3,0.4,0.6,1.548486444200248,0.036836852889690956,1.5432414950322428
414,0.3,0.4,0.7,1.5655965560252043,0.028506846173731323,1.5702247512820078
415,0.3,0.4,0.8,1.5483456281747265,0.029682627630485146,1.5497169574464338
416,0.3,0.4,0.9,1.5896966341305954,0.027199926697705996,1.5864715917724115
417,0.3,0.4,1.0,1.589063895815871,0.0338270664952126,1.5881869608639803
418,0.3,0.5,0.0,0.0,0.0,-0.0
419,0.3,0.5,0.1,1.4124218253801784,0.023215159505055823,1.4098575193993774
420,0.3,0.5,0.2,1.4929478146658224,0.037549762775308713,1.4965147136370904
421,0.3,0.5,0.3,1.5295683664445896,0.036961014450740966,1.5319233724223706
422,0.3,0.5,0.4,1.568701811555419,0.023753105979390562,1.5687678561183265
423,0.3,0.5,0.5,1.58778349953126,0.03405467910535767,1.5789276854618866
424,0.3,0.5,0.6,1.6116402073948575,0.028533919127835154,1.6097645705393637
425,0.3,0.5,0.7,1.6027224747711657,0.04349080569225854,1.5964200335366519
426,0.3,0.5,0.8,1.622184325863244,0.03531990593772175,1.6224817681262051
427,0.3,0.5,0.9,1.6167420575148967,0.0260845422394017,1.6218450608213253
428,0.3,0.5,1.0,1.6379561203350843,0.0412168959557128,1.63624662565094
429,0.3,0.6,0.0,0.0,0.0,-0.0
430,0.3,0.6,0.1,1.42551976510776,0.045694338247206326,1.424381576879922
431,0.3,0.6,0.2,1.5302122172878363,0.023939493264690772,1.5375161063412044
432,0.3,0.6,0.3,1.5958254140833434,0.028316820753716134,1.590844311758183
433,0.3,0.6,0.4,1.605840214115235,0.032151573228717575,1.6041464795750415
434,0.3,0.6,0.5,1.6168821298850815,0.0326196857888428,1.619579785074062
435,0.3,0.6,0.6,1.6287813861135103,0.05332402667836154,1.6373166109511317
436,0.3,0.6,0.7,1.6692238482316946,0.02321355726669261,1.66867904065945
437,0.3,0.6,0.8,1.6630712747370762,0.03236821780725519,1.66879439712994
438,0.3,0.6,0.9,1.6510770407102204,0.033497354663921446,1.649642423440699
439,0.3,0.6,1.0,1.6699677513570943,0.02627167476632688,1.6781098402816625
440,0.3,0.7,0.0,0.0,0.0,-0.0
441,0.3,0.7,0.1,1.4647417452672242,0.025788162517458184,1.471977431925294
442,0.3,0.7,0.2,1.5645378172157562,0.024189519096528295,1.567834542261723
443,0.3,0.7,0.3,1.5847983240591113,0.02456466243077259,1.57968244448486
444,0.3,0.7,0.4,1.6430114922254344,0.02475921201792059,1.65191708638173
445,0.3,0.7,0.5,1.6614472319045759,0.02972129455508749,1.6522145987644175
446,0.3,0.7,0.6,1.6788093031392097,0.028438168402989843,1.6865825898139473
447,0.3,0.7,0.7,1.6923527424084486,0.02713771059577482,1.7003292362836118
448,0.3,0.7,0.8,1.6824695863470844,0.05277603009999338,1.700843438106654
449,0.3,0.7,0.9,1.6959360086474065,0.041244052597519315,1.694322150868036
450,0.3,0.7,1.0,1.6953744061518194,0.024014388771616914,1.692899397697532
451,0.3,0.8,0.0,0.0,0.0,-0.0
452,0.3,0.8,0.1,1.4884133011950305,0.02029204393527354,1.4890279733928296
453,0.3,0.8,0.2,1.5812414561495798,0.02715201817046009,1.5777727170817624
454,0.3,0.8,0.3,1.6331353585512658,0.014637845920445883,1.6303467794987392
455,0.3,0.8,0.4,1.6478518337854822,0.03379129027885611,1.6387733727503244
456,0.3,0.8,0.5,1.699948238083395,0.02926760233078242,1.7070672586814166
457,0.3,0.8,0.6,1.6946005009012903,0.02395963326284607,1.6948951855061587
458,0.3,0.8,0.7,1.7157768083048595,0.02305424493882699,1.7127095087402195
459,0.3,0.8,0.8,1.7379401988109489,0.03193274816336441,1.7444804967292853
460,0.3,0.8,0.9,1.723101364384441,0.04711113693918045,1.7274713726135607
461,0.3,0.8,1.0,1.7450380256285096,0.030016793065082266,1.7446114003686968
462,0.3,0.9,0.0,0.0,0.0,-0.0
463,0.3,0.9,0.1,1.5136562020300577,0.03621532679284883,1.525231660672187
464,0.3,0.9,0.2,1.6001295566365286,0.03802435867566477,1.6096018122363087
465,0.3,0.9,0.3,1.6705461086948585,0.02306025683157869,1.67194388857196
466,0.3,0.9,0.4,1.6889757541262564,0.02866906026934028,1.6910943989389309
467,0.3,0.9,0.5,1.6970430806261927,0.03469503576960182,1.691695940890897
468,0.3,0.9,0.6,1.7195171721319813,0.0340814374828222,1.7232355317866115
469,0.3,0.9,0.7,1.7242557504936802,0.04193339847102427,1.7112510352497632
470,0.3,0.9,0.8,1.749945673576723,0.026959725798479803,1.7574758414414324
471,0.3,0.9,0.9,1.7536411341253377,0.02887697919283375,1.7509827180227475
472,0.3,0.9,1.0,1.789999571368056,0.016004450738289364,1.7909351725944767
473,0.3,1.0,0.0,0.0,0.0,-0.0
474,0.3,1.0,0.1,1.532146254133494,0.022795047126682493,1.529949783921638
475,0.3,1.0,0.2,1.627519424698086,0.0250604270263955,1.624842118194421
476,0.3,1.0,0.3,1.6568197991208162,0.031124160597312763,1.657900691637094
477,0.3,1.0,0.4,1.7087946608914966,0.04074570508695099,1.7117466762278455
478,0.3,1.0,0.5,1.7304330807064925,0.026513532684138797,1.7398941724986248
479,0.3,1.0,0.6,1.7380456614384254,0.028645011594340814,1.7464979916471117
480,0.3,1.0,0.7,1.7613761347361212,0.033786304883761185,1.771713782038303
481,0.3,1.0,0.8,1.7599909231968056,0.039408665668921275,1.7617017458158577
482,0.3,1.0,0.9,1.7837157896917684,0.02410010110677614,1.7842107217213585
483,0.3,1.0,1.0,1.7889318844724873,0.032187627722739295,1.7796582577374715
484,0.4,0.0,0.0,0.0,0.0,-0.0
485,0.4,0.0,0.1,0.0,0.0,-0.0
486,0.4,0.0,0.2,0.0,0.0,-0.0
487,0.4,0.0,0.3,0.0,0.0,-0.0
488,0.4,0.0,0.4,0.0,0.0,-0.0
489,0.4,0.0,0.5,0.0,0.0,-0.0
490,0.4,0.0,0.6,0.0,0.0,-0.0
491,0.4,0.0,0.7,0.0,0.0,-0.0
492,0.4,0.0,0.8,0.0,0.0,-0.0
493,0.4,0.0,0.9,0.0,0.0,-0.0
494,0.4,0.0,1.0,0.0,0.0,-0.0
495,0.4,0.1,0.0,0.0,0.0,-0.0
496,0.4,0.1,0.1,1.085614553771352,0.02186794245505733,1.0765371469274276
497,0.4,0.1,0.2,1.17870035645179,0.039302648566515226,1.1848831217491673
498,0.4,0.1,0.3,1.221222756484805,0.0403097634964877,1.2147692847784717
499,0.4,0.1,0.4,1.2572605265158359,0.036595955912438624,1.2654395616503358
500,0.4,0.1,0.5,1.288904022608433,0.030227622686441215,1.2896122728018757
501,0.4,0.1,0.6,1.304172792923558,0.03115696303598905,1.315527137921125
502,0.4,0.1,0.7,1.3154247302985558,0.03425260440860283,1.319260890456969
503,0.4,0.1,0.8,1.335045619514596,0.03529424488319022,1.352916955393405
504,0.4,0.1,0.9,1.341973153300898,0.025748413396652108,1.3404070973660422
505,0.4,0.1,1.0,1.337867754369951,0.026561138278578544,1.3403662218460553
506,0.4,0.2,0.0,0.0,0.0,-0.0
507,0.4,0.2,0.1,1.2468467272383479,0.02711458459446248,1.248562609767121
508,0.4,0.2,0.2,1.329927142246038,0.04194252394757371,1.3387279151712321
509,0.4,0.2,0.3,1.387182213827218,0.015184458943333897,1.3877877082600958
510,0.4,0.2,0.4,1.414361396942206,0.024928850605785646,1.4149732051417296
511,0.4,0.2,0.5,1.4397606854980052,0.02158914515747529,1.4391590478860623
512,0.4,0.2,0.6,1.4330603053998907,0.03227200504096545,1.444647117065832
513,0.4,0.2,0.7,1.461037607481657,0.02748450826524766,1.4537991306338762
514,0.4,0.2,0.8,1.4914803155996892,0.02450578514114772,1.4967458732265957
515,0.4,0.2,0.9,1.4969438342731745,0.025846913486462307,1.5023534124064275
516,0.4,0.2,1.0,1.4909189684622535,0.03425887264169282,1.4902396707124015
517,0.4,0.3,0.0,0.0,0.0,-0.0
518,0.4,0.3,0.1,1.310155741444643,0.020343060901638833,1.3112418323663617
519,0.4,0.3,0.2,1.4234786730092612,0.023257642395237314,1.4293748211291148
520,0.4,0.3,0.3,1.479861123164863,0.025268496911895404,1.4714208387091143
521,0.4,0.3,0.4,1.4966279831667413,0.025692793474410378,1.4888681708777416
522,0.4,0.3,0.5,1.5015816543750578,0.05421360678742503,1.4984597002388431
523,0.4,0.3,0.6,1.546745583504182,0.029242385713022335,1.5485874948535792
524,0.4,0.3,0.7,1.5570721768211113,0.03139301547095758,1.5551096527937018
525,0.4,0.3,0.8,1.5584047763633484,0.029657798308756034,1.5555545269322022
526,0.4,0.3,0.9,1.5654942812720938,0.02169644320099202,1.562375531194498
527,0.4,0.3,1.0,1.578613230665447,0.017179842768861118,1.5811463892536324
528,0.4,0.4,0.0,0.0,0.0,-0.0
529,0.4,0.4,0.1,1.3862337131560556,0.0215187951592692,1.393828407426446
530,0.4,0.4,0.2,1.4882581815278213,0.027367428060269882,1.4837658412439219
531,0.4,0.4,0.3,1.5179952854115801,0.018428134774460394,1.51836082906835
532,0.4,0.4,0.4,1.5586013256403692,0.03203205028346571,1.5488422489499256
533,0.4,0.4,0.5,1.5734113897935011,0.021547373243603354,1.5727427389452817
534,0.4,0.4,0.6,1.6071710596441888,0.025729157965723354,1.6139271967475748
535,0.4,0.4,0.7,1.61782889427603,0.022864353725831624,1.6196415092164853
536,0.4,0.4,0.8,1.617440367498336,0.02069842336502522,1.611583186977796
537,0.4,0.4,0.9,1.6241591299081946,0.03455456530538495,1.6169821024555953
538,0.4,0.4,1.0,1.6361182924150626,0.028525167862849834,1.6328214559363756
539,0.4,0.5,0.0,0.0,0.0,-0.0
540,0.4,0.5,0.1,1.4370648192797206,0.024271381148296974,1.4404708265600064
541,0.4,0.5,0.2,1.512666329663332,0.037399683844931815,1.5251438616112076
542,0.4,0.5,0.3,1.5941807454081958,0.024623069675819127,1.5874346341361991
543,0.4,0.5,0.4,1.605872470132632,0.03152792066879633,1.6020709965149067
544,0.4,0.5,0.5,1.6400800989069015,0.029955701276286436,1.6494200328242046
545,0.4,0.5,0.6,1.642887406779756,0.03275768005096771,1.6343900050601463
546,0.4,0.5,0.7,1.6562459159056435,0.03390282655747302,1.6634116884751176
547,0.4,0.5,0.8,1.6581720258712096,0.019370974677416077,1.6646970108667332
548,0.4,0.5,0.9,1.6711386198072027,0.017859238700947983,1.676632782631087
549,0.4,0.5,1.0,1.6854235611688289,0.020213038941321093,1.6866469640837982
550,0.4,0.6,0.0,0.0,0.0,-0.0
551,0.4,0.6,0.1,1.4726950896022815,0.015150827198387763,1.4684798128157364
552,0.4,0.6,0.2,1.565046723824535,0.02592096805316191,1.566122338534258
553,0.4,0.6,0.3,1.627234151940274,0.03176439043415284,1.6226524963903342
554,0.4,0.6,0.4,1.644182111791158,0.022329807996283448,1.648675583868106
555,0.4,0.6,0.5,1.6609926292063815,0.04028389336782519,1.655908112267925
556,0.4,0.6,0.6,1.6974495763823447,0.030627544791569122,1.7016692162835785
557,0.4,0.6,0.7,1.6979568272384538,0.022288209936031894,1.6953368513601088
558,0.4,0.6,0.8,1.7163794689549179,0.02689641815591091,1.7278473955738451
559,0.4,0.6,0.9,1.7223723876578194,0.02540716339699286,1.7174168191926507
560,0.4,0.6,1.0,1.7233172411657538,0.018601547180655494,1.7201867399184918
561,0.4,0.7,0.0,0.0,0.0,-0.0
562,0.4,0.7,0.1,1.5116314949010032,0.02444144261431603,1.5090877284780049
563,0.4,0.7,0.2,1.605111388317109,0.024183977913571277,1.6125731930124576
564,0.4,0.7,0.3,1.6546162074222202,0.0165490714808712,1.653409701507693
565,0.4,0.7,0.4,1.6776611591965405,0.026396224541093014,1.6787212830747646
566,0.4,0.7,0.5,1.7061380450628771,0.035757253937558055,1.7052142191325144
567,0.4,0.7,0.6,1.7220916225753051,0.017614531561855704,1.7211996460200147
568,0.4,0.7,0.7,1.7299937831098433,0.03788627348575609,1.7399715301742686
569,0.4,0.7,0.8,1.7480486348534057,0.03551377269728424,1.7432794447205682
570,0.4,0.7,0.9,1.7473542396734572,0.03283731082621938,1.7441108629232323
571,0.4,0.7,1.0,1.7677673740369795,0.02420285112329057,1.7733005418554642
572,0.4,0.8,0.0,0.0,0.0,-0.0
573,0.4,0.8,0.1,1.5496602644550463,0.023285497008711475,1.5495612432389345
574,0.4,0.8,0.2,1.6360390758683045,0.02728108034102562,1.6403533261905248
575,0.4,0.8,0.3,1.6735935444841055,0.037045711275229605,1.6788703387014479
576,0.4,0.8,0.4,1.7300734137885019,0.016359316523066204,1.7312290105822026
577,0.4,0.8,0.5,1.7398434191511787,0.02443172897954838,1.739219525697799
578,0.4,0.8,0.6,1.7356653430100202,0.03806296392271099,1.7312303597173093
579,0.4,0.8,0.7,1.7632573810440746,0.027995430652421854,1.7642127699189225
580,0.4,0.8,0.8,1.7849725597405954,0.02484786764368299,1.7786986151235273
581,0.4,0.8,0.9,1.7779162031423688,0.02432142194083109,1.7739490043965476
582,0.4,0.8,1.0,1.7981946120312249,0.03034902864416415,1.8048584869132593
583,0.4,0.9,0.0,0.0,0.0,-0.0
584,0.4,0.9,0.1,1.5560529790484765,0.02991211715705848,1.5612736293740794
585,0.4,0.9,0.2,1.6515541903139894,0.02429925695985892,1.6496681544865264
586,0.4,0.9,0.3,1.7011243223468866,0.02204524253621166,1.7063901180160705
587,0.4,0.9,0.4,1.7352210739253313,0.0348533893403043,1.7407383654739308
588,0.4,0.9,0.5,1.7558908491081096,0.030092095912395016,1.7644363000908432
589,0.4,0.9,0.6,1.7823810881077489,0.022226508255465436,1.787147089144058
590,0.4,0.9,0.7,1.779967662976625,0.02101908280019547,1.7807980078853456
591,0.4,0.9,0.8,1.8026624088772258,0.01364967473919536,1.8014729950459745
592,0.4,0.9,0.9,1.8112800695946683,0.03332325968298117,1.809795473481592
593,0.4,0.9,1.0,1.8228981512847855,0.026297629691496304,1.8245345903935113
594,0.4,1.0,0.0,0.0,0.0,-0.0
595,0.4,1.0,0.1,1.5818016085461841,0.03293256690202139,1.5813309108151767
596,0.4,1.0,0.2,1.6857662924221999,0.0279490376979729,1.6753187739145736
597,0.4,1.0,0.3,1.7188076714900569,0.035282044059472044,1.7214083236531432
598,0.4,1.0,0.4,1.7523323194457443,0.018252605164382225,1.7477447498480294
599,0.4,1.0,0.5,1.7648544477613335,0.039237692117721455,1.776302911850288
600,0.4,1.0,0.6,1.7868346557882435,0.02137427494332788,1.7826257472195706
601,0.4,1.0,0.7,1.8164797751658988,0.027346369051838477,1.8187112271603056
602,0.4,1.0,0.8,1.8320057312591913,0.03522145012563436,1.8397164160647352
603,0.4,1.0,0.9,1.8211633430648582,0.02591137162440108,1.8256898412519806
604,0.4,1.0,1.0,1.8318740008115757,0.03426850675571324,1.8328594102621811
605,0.5,0.0,0.0,0.0,0.0,-0.0
606,0.5,0.0,0.1,0.0,0.0,-0.0
607,0.5,0.0,0.2,0.0,0.0,-0.0
608,0.5,0.0,0.3,0.0,0.0,-0.0
609,0.5,0.0,0.4,0.0,0.0,-0.0
610,0.5,0.0,0.5,0.0,0.0,-0.0
611,0.5,0.0,0.6,0.0,0.0,-0.0
612,0.5,0.0,0.7,0.0,0.0,-0.0
613,0.5,0.0,0.8,0.0,0.0,-0.0
614,0.5,0.0,0.9,0.0,0.0,-0.0
615,0.5,0.0,1.0,0.0,0.0,-0.0
616,0.5,0.1,0.0,0.0,0.0,-0.0
617,0.5,0.1,0.1,1.1344615982994932,0.027328618591490893,1.135312325408783
618,0.5,0.1,0.2,1.216959769931497,0.01892260848285475,1.213887217555257
619,0.5,0.1,0.3,1.2714529383861524,0.019311328140312358,1.2724651877824802
620,0.5,0.1,0.4,1.3032517268676411,0.02340350716813131,1.3062621003147155
621,0.5,0.1,0.5,1.311285652640255,0.03595610689945695,1.3241892643424638
622,0.5,0.1,0.6,1.3460814672543777,0.029232947052262256,1.3389907850306801
623,0.5,0.1,0.7,1.358040405198404,0.02651627899635443,1.3623605957216045
624,0.5,0.1,0.8,1.3767947685477266,0.02540657074249097,1.3754477141169374
625,0.5,0.1,0.9,1.3765028134806732,0.016930216445109114,1.3780191592075361
626,0.5,0.1,1.0,1.3748159629589967,0.02012209675926479,1.3711578832123126
627,0.5,0.2,0.0,0.0,0.0,-0.0
628,0.5,0.2,0.1,1.284928182574332,0.016695829123301253,1.2868240309681604
629,0.5,0.2,0.2,1.3782895705564093,0.027729711331699602,1.3769698829092452
630,0.5,0.2,0.3,1.4093666481251284,0.028885116377038732,1.4108932182280363
631,0.5,0.2,0.4,1.4426335843926767,0.022556969461550697,1.435489743742776
632,0.5,0.2,0.5,1.463347574155127,0.025118828157791432,1.4618325481655963
633,0.5,0.2,0.6,1.4689940711449725,0.02447541187463517,1.4643201235165368
634,0.5,0.2,0.7,1.4993515855778987,0.024309967348617522,1.4968854002280891
635,0.5,0.2,0.8,1.5195394424769533,0.027297848377702397,1.5257843761454333
636,0.5,0.2,0.9,1.525414780386504,0.02627239082244764,1.5230291192304235
637,0.5,0.2,1.0,1.5424150344538108,0.026557057076149145,1.5513998364490784
638,0.5,0.3,0.0,0.0,0.0,-0.0
639,0.5,0.3,0.1,1.374136687247066,0.017381709351144425,1.383461694062577
640,0.5,0.3,0.2,1.4579020317311007,0.025769370322650326,1.4588084890941766
641,0.5,0.3,0.3,1.5064302189064225,0.01660106611980308,1.5056440677328196
642,0.5,0.3,0.4,1.531052127109972,0.028936370942043124,1.5329287515702261
643,0.5,0.3,0.5,1.5764327616183311,0.019150653664090224,1.574798460925178
644,0.5,0.3,0.6,1.5768934072336338,0.01765229260490074,1.5764795558492617
645,0.5,0.3,0.7,1.5916432993635545,0.01956199494016853,1.5900681093162827
646,0.5,0.3,0.8,1.6050544395764679,0.027732121469427905,1.6069588370769403
647,0.5,0.3,0.9,1.6108282754662944,0.01771397693098986,1.6127208992348725
648,0.5,0.3,1.0,1.6066558701903872,0.024432430154019316,1.6094973740969745
649,0.5,0.4,0.0,0.0,0.0,-0.0
650,0.5,0.4,0.1,1.423086665454943,0.03490417217766848,1.4323690968181149
651,0.5,0.4,0.2,1.5172793757848455,0.01695181164978427,1.5225709271123735
652,0.5,0.4,0.3,1.5762669151560886,0.018284461053302618,1.573804825603037
653,0.5,0.4,0.4,1.6010054975862094,0.01993580398359078,1.6046704340839586
654,0.5,0.4,0.5,1.6255417924621578,0.01569427256968054,1.6245736560654578
655,0.5,0.4,0.6,1.6299824839736168,0.016681115158099412,1.6258487342190389
656,0.5,0.4,0.7,1.6474550049907517,0.018722621916927987,1.6426299639563937
657,0.5,0.4,0.8,1.6754132403497486,0.027721863403833716,1.6792266248115921
658,0.5,0.4,0.9,1.6862540958731311,0.012495160290773416,1.684109473837393
659,0.5,0.4,1.0,1.6649519099407069,0.024755449485242675,1.6691110614095892
660,0.5,0.5,0.0,0.0,0.0,-0.0
661,0.5,0.5,0.1,1.469277534865658,0.027443439196782382,1.4752703348142182
662,0.5,0.5,0.2,1.572665743107894,0.02001453520060724,1.578426981816889
663,0.5,0.5,0.3,1.610947490071684,0.03685935545378369,1.6203627972202062
664,0.5,0.5,0.4,1.6302347695033519,0.015704642520775063,1.630414673506797
665,0.5,0.5,0.5,1.6715318656201696,0.01587523378755174,1.6686593355490142
666,0.5,0.5,0.6,1.6908354687767229,0.0254995737021914,1.7005989351962156
667,0.5,0.5,0.7,1.7054432329662315,0.02229214293926377,1.703834982673799
668,0.5,0.5,0.8,1.7027980478739955,0.017550943612066484,1.7005793823969193
669,0.5,0.5,0.9,1.7160127096691415,0.018855424453805524,1.7193120744562194
670,0.5,0.5,1.0,1.7270881138175536,0.017852107630575362,1.7280051691503984
671,0.5,0.6,0.0,0.0,0.0,-0.0
672,0.5,0.6,0.1,1.5148432225383555,0.018058558935556683,1.5202750069399038
673,0.5,0.6,0.2,1.6071244199672303,0.014864006961668692,1.612726785881212
674,0.5,0.6,0.3,1.6503373402290111,0.0191083934866787,1.6504686970723788
675,0.5,0.6,0.4,1.6969801454207136,0.01808553868465519,1.6927345776526317
676,0.5,0.6,0.5,1.7127736712937423,0.018552208628226007,1.7169623908073408
677,0.5,0.6,0.6,1.7181406405928363,0.0173476051993154,1.7157334616901294
678,0.5,0.6,0.7,1.7407471117518778,0.018411607658090263,1.7453245832097881
679,0.5,0.6,0.8,1.7558375590596238,0.01823719910690987,1.7470454022933959
680,0.5,0.6,0.9,1.7614629394613832,0.01687550100533742,1.7583708276710863
681,0.5,0.6,1.0,1.7684174862120343,0.02230270104113852,1.7799247898469674
682,0.5,0.7,0.0,0.0,0.0,-0.0
683,0.5,0.7,0.1,1.548179628298993,0.01985634447764863,1.5432253704699603
684,0.5,0.7,0.2,1.634034699718772,0.022156676518111356,1.639984591711585
685,0.5,0.7,0.3,1.689527082898867,0.02244220104162566,1.6934748640844264
686,0.5,0.7,0.4,1.7140150684764461,0.022273719869292687,1.7058062666376523
687,0.5,0.7,0.5,1.7482831583505427,0.018880113087412474,1.7491498638445195
688,0.5,0.7,0.6,1.754489623468625,0.025978890240217704,1.762938475416814
689,0.5,0.7,0.7,1.7666859466766378,0.014246917347782887,1.77009109018775
690,0.5,0.7,0.8,1.768420098960291,0.02079295616417184,1.7736456723396299
691,0.5,0.7,0.9,1.7913669855469174,0.01861614271597494,1.7900623365238808
692,0.5,0.7,1.0,1.7949381854142785,0.030634296287727177,1.800261868794562
693,0.5,0.8,0.0,0.0,0.0,-0.0
694,0.5,0.8,0.1,1.5820926373174347,0.029446769458981358,1.5793839128139755
695,0.5,0.8,0.2,1.6617979492146326,0.027752372433400212,1.6620372130302972
696,0.5,0.8,0.3,1.714599974931789,0.02656455096403483,1.723841435650829
697,0.5,0.8,0.4,1.750718871362939,0.024504909685129573,1.7475171056750298
698,0.5,0.8,0.5,1.7823581396720853,0.016460157811978765,1.7801716789177309
699,0.5,0.8,0.6,1.7813360601078128,0.02059097083117796,1.7806185843074571
700,0.5,0.8,0.7,1.7950743699399307,0.027307461082955526,1.7963417693574089
701,0.5,0.8,0.8,1.8048407075461181,0.011766960442202863,1.8052604849254261
702,0.5,0.8,0.9,1.806357752029847,0.018355305983418654,1.8040436847175145
703,0.5,0.8,1.0,1.8326284592629918,0.01967665325088239,1.835676365667799
704,0.5,0.9,0.0,0.0,0.0,-0.0
705,0.5,0.9,0.1,1.5916419879336479,0.021678603654482376,1.5932827569110821
706,0.5,0.9,0.2,1.7005691833176404,0.022300230370095073,1.7083609297917428
707,0.5,0.9,0.3,1.7332228393862112,0.018305006605050644,1.7298469036255386
708,0.5,0.9,0.4,1.765065976655362,0.019333676871098625,1.7612245340114436
709,0.5,0.9,0.5,1.7808800898684314,0.016915711394972315,1.7707238149121236
710,0.5,0.9,0.6,1.8099179755574564,0.02080498529606194,1.8112970223564657
711,0.5,0.9,0.7,1.8333420251043193,0.028008973138504752,1.8256366564417865
712,0.5,0.9,0.8,1.8272551863079045,0.020278144305781367,1.8237147957193218
713,0.5,0.9,0.9,1.8494209937354777,0.025162397880722207,1.8542553553912948
714,0.5,0.9,1.0,1.8534741500585992,0.02732166320274234,1.8502816331916718
715,0.5,1.0,0.0,0.0,0.0,-0.0
716,0.5,1.0,0.1,1.6030036022099026,0.03154742884600602,1.5995044697346659
717,0.5,1.0,0.2,1.7079126016734048,0.02970033831323506,1.7057958433980802
718,0.5,1.0,0.3,1.7621752512462532,0.013989778923799939,1.7627509873593499
719,0.5,1.0,0.4,1.7925975300123167,0.0160198035768813,1.7944467318325938
720,0.5,1.0,0.5,1.8187622730612454,0.020750769395253273,1.8193103123218801
721,0.5,1.0,0.6,1.835482094007204,0.03206751946443686,1.838062015827588
722,0.5,1.0,0.7,1.8397949138383982,0.026678623414556096,1.8464818031167498
723,0.5,1.0,0.8,1.8626710383789724,0.017275296410000047,1.8595220484527717
724,0.5,1.0,0.9,1.8722720357365286,0.022058439616432574,1.872943966129395
725,0.5,1.0,1.0,1.879986563723815,0.027953798056571742,1.8827070467415894
726,0.6,0.0,0.0,0.0,0.0,-0.0
727,0.6,0.0,0.1,0.0,0.0,-0.0
728,0.6,0.0,0.2,0.0,0.0,-0.0
729,0.6,0.0,0.3,0.0,0.0,-0.0
730,0.6,0.0,0.4,0.0,0.0,-0.0
731,0.6,0.0,0.5,0.0,0.0,-0.0
732,0.6,0.0,0.6,0.0,0.0,-0.0
733,0.6,0.0,0.7,0.0,0.0,-0.0
734,0.6,0.0,0.8,0.0,0.0,-0.0
735,0.6,0.0,0.9,0.0,0.0,-0.0
736,0.6,0.0,1.0,0.0,0.0,-0.0
737,0.6,0.1,0.0,0.0,0.0,-0.0
738,0.6,0.1,0.1,1.1689603542285876,0.020602189804918736,1.1777669020373915
739,0.6,0.1,0.2,1.2497820281780443,0.02491818393391293,1.2527630493978945
740,0.6,0.1,0.3,1.301253708875177,0.02211556310822955,1.3018293540132602
741,0.6,0.1,0.4,1.3391246062729518,0.02328167411042956,1.339912235975952
742,0.6,0.1,0.5,1.3517221004248265,0.018995091551724717,1.353231766986586
743,0.6,0.1,0.6,1.371062683414414,0.026002833281642098,1.3732038445484962
744,0.6,0.1,0.7,1.381351673755513,0.019722669581244107,1.3820094346349365
745,0.6,0.1,0.8,1.3870637621617914,0.02010001285648513,1.385836981077268
746,0.6,0.1,0.9,1.4068750309544975,0.021396544305238102,1.414377900512818
747,0.6,0.1,1.0,1.4069427380241566,0.026713196546341904,1.40080942500051
748,0.6,0.2,0.0,0.0,0.0,-0.0
749,0.6,0.2,0.1,1.3074613084198168,0.016763276529824005,1.3096717494338068
750,0.6,0.2,0.2,1.401920424777729,0.013274837876997589,1.3973707590096363
751,0.6,0.2,0.3,1.4655391322809064,0.012388360220694854,1.4658825979904537
752,0.6,0.2,0.4,1.4877935519525576,0.019497156305133337,1.4843572938555387
753,0.6,0.2,0.5,1.4998278021138438,0.020605143594705246,1.4932267677036544
754,0.6,0.2,0.6,1.5118916617586458,0.013230956559529081,1.5107844332837583
755,0.6,0.2,0.7,1.536949716160804,0.04067363531304995,1.5425023176542842
756,0.6,0.2,0.8,1.5457318626515812,0.013866259220974312,1.5455656015008867
757,0.6,0.2,0.9,1.5577035369241088,0.02637099728109725,1.5648336129484175
758,0.6,0.2,1.0,1.5617737571058583,0.015515581059525777,1.5694689722242996
759,0.6,0.3,0.0,0.0,0.0,-0.0
760,0.6,0.3,0.1,1.38997562680125,0.02955057514349692,1.3842016587515222
761,0.6,0.3,0.2,1.485077789709882,0.01383669404332433,1.485853159674029
762,0.6,0.3,0.3,1.5401713622583628,0.019383832498689652,1.54545125350656
763,0.6,0.3,0.4,1.57335197864852,0.01622753076481342,1.5792756196783362
764,0.6,0.3,0.5,1.5904465070569815,0.024638754011873248,1.5929328075737343
765,0.6,0.3,0.6,1.6058932037762983,0.02264908552598166,1.6086950425148974
766,0.6,0.3,0.7,1.612349835092091,0.026864743742158328,1.6107569902496677
767,0.6,0.3,0.8,1.6310728617510217,0.02187484678417806,1.6268610771049823
768,0.6,0.3,0.9,1.6483015224671103,0.02239017997954719,1.6500497863338044
769,0.6,0.3,1.0,1.6447232593405565,0.0201713148165133,1.648486760056597
770,0.6,0.4,0.0,0.0,0.0,-0.0
771,0.6,0.4,0.1,1.4544111397957777,0.01753276746889554,1.4520817608736585
772,0.6,0.4,0.2,1.5474397276663912,0.01690431790758386,1.5493317623093423
773,0.6,0.4,0.3,1.5987367332521776,0.014584834171610104,1.5998642382227901
774,0.6,0.4,0.4,1.6273665933273105,0.02661442782727839,1.6315880087963084
775,0.6,0.4,0.5,1.656034170338394,0.011763616097041792,1.6554879809293293
776,0.6,0.4,0.6,1.6706635737754034,0.024801787203372304,1.6735115015222686
777,0.6,0.4,0.7,1.6838738393533959,0.014995900097045253,1.68621994049637
778,0.6,0.4,0.8,1.6865433960188043,0.023425275272039824,1.6916435276887618
779,0.6,0.4,0.9,1.7068144695024585,0.0306854577951115,1.7190882748521275
780,0.6,0.4,1.0,1.7164245197407375,0.01354397725678293,1.7171915995642122
781,0.6,0.5,0.0,0.0,0.0,-0.0
782,0.6,0.5,0.1,1.5108649406237933,0.015778399273571497,1.5173449811693298
783,0.6,0.5,0.2,1.603532679854822,0.015150386582553995,1.5995223426581386
784,0.6,0.5,0.3,1.657279093354931,0.022191145968006906,1.6576294383363448
785,0.6,0.5,0.4,1.6829105975108676,0.020594967550050303,1.688815579508382
786,0.6,0.5,0.5,1.6935077849428903,0.02204244630306181,1.6898039522799893
787,0.6,0.5,0.6,1.7173422687968756,0.01647452529939124,1.7137750270553265
788,0.6,0.5,0.7,1.73477840960547,0.011929743112159769,1.7336614908173122
789,0.6,0.5,0.8,1.7436025443625547,0.02061383148879749,1.7506705219189267
790,0.6,0.5,0.9,1.754734154210904,0.0190363956191456,1.7621386578892608
791,0.6,0.5,1.0,1.761356795527485,0.014788683808703462,1.7586277272904645
792,0.6,0.6,0.0,0.0,0.0,-0.0
793,0.6,0.6,0.1,1.551463324989864,0.014072694648812195,1.55043880551629
794,0.6,0.6,0.2,1.6419170915318066,0.022926298385806735,1.6508221803810117
795,0.6,0.6,0.3,1.677228937198628,0.02452939419509322,1.6788654963395453
796,0.6,0.6,0.4,1.7177577835805242,0.02003157725600041,1.718969265981285
797,0.6,0.6,0.5,1.750123096694636,0.017508652856164368,1.7538880048272798
798,0.6,0.6,0.6,1.7660850172115936,0.01605052746824154,1.763833041482711
799,0.6,0.6,0.7,1.7698360653542582,0.015204925380851561,1.7700145596137895
800,0.6,0.6,0.8,1.788050215071107,0.012394196131247289,1.7855413172354344
801,0.6,0.6,0.9,1.7923316649013135,0.020519511505071406,1.7860901637161128
802,0.6,0.6,1.0,1.7984404754602725,0.013791636932559125,1.7977460405708903
803,0.6,0.7,0.0,0.0,0.0,-0.0
804,0.6,0.7,0.1,1.5737106985872458,0.01961565036849083,1.5699940351412778
805,0.6,0.7,0.2,1.671394452705319,0.017225064480955246,1.6736004002244318
806,0.6,0.7,0.3,1.7171462253601124,0.022708524318067247,1.718015261501074
807,0.6,0.7,0.4,1.7421725121518232,0.022098599495029903,1.7433678094103655
808,0.6,0.7,0.5,1.778806204955568,0.018842404231286643,1.7740134846139548
809,0.6,0.7,0.6,1.7949336189735654,0.017524471139381853,1.7925529666278432
810,0.6,0.7,0.7,1.80007002557127,0.020406353011004345,1.7969748058496609
811,0.6,0.7,0.8,1.8151723361100274,0.018869880562456618,1.8158776631800713
812,0.6,0.7,0.9,1.8220660865420264,0.021118904831945055,1.820741127599729
813,0.6,0.7,1.0,1.8325667244194097,0.013913850144163038,1.8369818755457674
814,0.6,0.8,0.0,0.0,0.0,-0.0
815,0.6,0.8,0.1,1.6054810987764303,0.02060987239620173,1.6077766731114767
816,0.6,0.8,0.2,1.704749359360863,0.0173965693330589,1.7057965316535137
817,0.6,0.8,0.3,1.7488337353375016,0.01996323905280643,1.7543590056562817
818,0.6,0.8,0.4,1.7771120623190346,0.016610326899832856,1.7797029659061896
819,0.6,0.8,0.5,1.7893280752172114,0.011485960740592167,1.7880662038448931
820,0.6,0.8,0.6,1.814022564131788,0.02433698707305192,1.8216094276679409
821,0.6,0.8,0.7,1.8238556759468718,0.026407618864261406,1.8148103353632967
822,0.6,0.8,0.8,1.842558624484799,0.029971823300149535,1.8417246028496885
823,0.6,0.8,0.9,1.8491176218052954,0.014089902977162972,1.850547786448411
824,0.6,0.8,1.0,1.8600323414347617,0.012620745511903834,1.8606361928981832
825,0.6,0.9,0.0,0.0,0.0,-0.0
826,0.6,0.9,0.1,1.6187254222394611,0.02059844770556164,1.6211008146618986
827,0.6,0.9,0.2,1.7295660668938087,0.02180712511512374,1.7315831187039463
828,0.6,0.9,0.3,1.7680479255799753,0.024633427391616492,1.7707567615174806
829,0.6,0.9,0.4,1.8067835958901448,0.018072119917359193,1.8068923715391367
830,0.6,0.9,0.5,1.8199581601469554,0.016787872904741444,1.8168361337789147
831,0.6,0.9,0.6,1.8405499830787246,0.025342974162632745,1.8338711860653494
832,0.6,0.9,0.7,1.8546373933999942,0.011158506391921195,1.8561560913405457
833,0.6,0.9,0.8,1.8673044679953292,0.01785830121415243,1.8642155869170436
834,0.6,0.9,0.9,1.8816088897410954,0.01920785501757499,1.8789356363868697
835,0.6,0.9,1.0,1.8778644121271846,0.021707359467638944,1.874876520784034
836,0.6,1.0,0.0,0.0,0.0,-0.0
837,0.6,1.0,0.1,1.6583503375322657,0.018654397332882655,1.6622052283083084
838,0.6,1.0,0.2,1.745532029860513,0.02507486435513761,1.751135584733725
839,0.6,1.0,0.3,1.7980886911751313,0.023893149912686457,1.8020732907748949
840,0.6,1.0,0.4,1.820176653491871,0.01622453457374939,1.8247155202972025
841,0.6,1.0,0.5,1.8450280571546194,0.0195919311207671,1.8509658351123108
842,0.6,1.0,0.6,1.863839898803959,0.022538876737040053,1.8622583889913578
843,0.6,1.0,0.7,1.8796063251747757,0.018892639513810795,1.8780302410623517
844,0.6,1.0,0.8,1.8930329454306871,0.01016572788428587,1.8951003778201412
845,0.6,1.0,0.9,1.8987550898520236,0.02235833592838742,1.905479113554576
846,0.6,1.0,1.0,1.9042498733234183,0.015537508985636966,1.904281683529184
847,0.7,0.0,0.0,0.0,0.0,-0.0
848,0.7,0.0,0.1,0.0,0.0,-0.0
849,0.7,0.0,0.2,0.0,0.0,-0.0
850,0.7,0.0,0.3,0.0,0.0,-0.0
851,0.7,0.0,0.4,0.0,0.0,-0.0
852,0.7,0.0,0.5,0.0,0.0,-0.0
853,0.7,0.0,0.6,0.0,0.0,-0.0
854,0.7,0.0,0.7,0.0,0.0,-0.0
855,0.7,0.0,0.8,0.0,0.0,-0.0
856,0.7,0.0,0.9,0.0,0.0,-0.0
857,0.7,0.0,1.0,0.0,0.0,-0.0
858,0.7,0.1,0.0,0.0,0.0,-0.0
859,0.7,0.1,0.1,1.1887661877543743,0.016315320805777103,1.1856360886965973
860,0.7,0.1,0.2,1.2871020287543762,0.017349515779096176,1.2868744912138688
861,0.7,0.1,0.3,1.333098222075084,0.014992359120939103,1.3355711540056396
862,0.7,0.1,0.4,1.3660337878971287,0.012677667212320713,1.3692356337275302
863,0.7,0.1,0.5,1.3894183429285616,0.013546386537722036,1.3902451444295214
864,0.7,0.1,0.6,1.4059036272560204,0.02189654102228695,1.404506969166986
865,0.7,0.1,0.7,1.4094384279973649,0.019243729099620435,1.412233975497481
866,0.7,0.1,0.8,1.422845311485291,0.020248462908946892,1.4232573212185524
867,0.7,0.1,0.9,1.4324927237184273,0.023369332348857484,1.4343843439405164
868,0.7,0.1,1.0,1.439313049903531,0.024880121595953004,1.4401017307533233
869,0.7,0.2,0.0,0.0,0.0,-0.0
870,0.7,0.2,0.1,1.341044885789298,0.01827186449228712,1.3385574710913788
871,0.7,0.2,0.2,1.4346853056842277,0.023772076103379815,1.4439318695288543
872,0.7,0.2,0.3,1.481882467187261,0.023678578770121844,1.4782322205032647
873,0.7,0.2,0.4,1.5088157358050713,0.02072533330991666,1.507906097944264
874,0.7,0.2,0.5,1.5370951628352356,0.00828487464641274,1.5383477065622793
875,0.7,0.2,0.6,1.5538244336720912,0.014602049470019175,1.5541610003942672
876,0.7,0.2,0.7,1.5657459168143868,0.012987644085672781,1.5657704733648032
877,0.7,0.2,0.8,1.577565676987157,0.013936029137953158,1.5830920795861962
878,0.7,0.2,0.9,1.5843554585542008,0.012725408081784201,1.5884586483908527
879,0.7,0.2,1.0,1.5852228902804826,0.01342115839675939,1.5890728586893974
880,0.7,0.3,0.0,0.0,0.0,-0.0
881,0.7,0.3,0.1,1.4298145539717813,0.013829411510021018,1.4323874621860986
882,0.7,0.3,0.2,1.520610811949866,0.017835986264536863,1.5260800729993615
883,0.7,0.3,0.3,1.5708969287209056,0.018767905219519616,1.578701854038243
884,0.7,0.3,0.4,1.607787353412324,0.01274359899148335,1.6089483925878163
885,0.7,0.3,0.5,1.626248024614463,0.01328344285689888,1.6282568665799146
886,0.7,0.3,0.6,1.6445597045087148,0.015077701805010333,1.6442164451897412
887,0.7,0.3,0.7,1.6444743859643005,0.011450595399601644,1.647331967961621
888,0.7,0.3,0.8,1.6582629272107874,0.01664573913086607,1.6595654316832924
889,0.7,0.3,0.9,1.6769614556716408,0.01328154711208715,1.6781779175792286
890,0.7,0.3,1.0,1.6754151388835852,0.02991467905012222,1.6781083721597962
891,0.7,0.4,0.0,0.0,0.0,-0.0
892,0.7,0.4,0.1,1.4853002552244488,0.024595970239156398,1.4869383198660029
893,0.7,0.4,0.2,1.5925168409240973,0.011532748753356609,1.5936412816925172
894,0.7,0.4,0.3,1.6257002151140465,0.018947031263109232,1.6299513200586788
895,0.7,0.4,0.4,1.6626844707177433,0.012307176094785311,1.6673023619986318
896,0.7,0.4,0.5,1.6738745460051887,0.010722157460245277,1.6744071642458873
897,0.7,0.4,0.6,1.7009044533696536,0.01607117140219303,1.7022589059555693
898,0.7,0.4,0.7,1.7066532341032095,0.013648112442881345,1.7034323966749625
899,0.7,0.4,0.8,1.7205523254887798,0.018507028489688916,1.718511577774096
900,0.7,0.4,0.9,1.7384735145343915,0.013746728834290532,1.7352333704016372
901,0.7,0.4,1.0,1.7335019253280834,0.013312896718415563,1.7340655903777331
902,0.7,0.5,0.0,0.0,0.0,-0.0
903,0.7,0.5,0.1,1.5291096268622764,0.008914096856501305,1.5290116753706364
904,0.7,0.5,0.2,1.634698599236224,0.016116571847949315,1.635622704468911
905,0.7,0.5,0.3,1.6751095978271002,0.007983996802258682,1.6728979274287616
906,0.7,0.5,0.4,1.706585624685888,0.016202811338868695,1.7135812483698816
907,0.7,0.5,0.5,1.7206893287231158,0.016147539914242743,1.7179654370560464
908,0.7,0.5,0.6,1.745876041534236,0.011706883268822285,1.7466237395429391
909,0.7,0.5,0.7,1.757234399800693,0.014450245652251672,1.7549419642498147
910,0.7,0.5,0.8,1.7710212829730623,0.010720913815415834,1.769174792675679
911,0.7,0.5,0.9,1.7768145080162214,0.013664427548562248,1.7788536490760016
912,0.7,0.5,1.0,1.7946167877059367,0.015312791152982749,1.8021965040425263
913,0.7,0.6,0.0,0.0,0.0,-0.0
914,0.7,0.6,0.1,1.569330262094455,0.01019126501243846,1.5697240046228438
915,0.7,0.6,0.2,1.668646821898178,0.016675914574470926,1.6694194581996527
916,0.7,0.6,0.3,1.7090382791520962,0.022077632447799044,1.7170315400151257
917,0.7,0.6,0.4,1.744322449827535,0.014708212565588087,1.7426427976061603
918,0.7,0.6,0.5,1.763953465118896,0.01857263791879085,1.7676089277581075
919,0.7,0.6,0.6,1.780957496840586,0.019300446985365708,1.783621082115486
920,0.7,0.6,0.7,1.7941069033180832,0.018852594982820395,1.7953122890033182
921,0.7,0.6,0.8,1.8109830537693117,0.0223362086159022,1.8170541790576937
922,0.7,0.6,0.9,1.8185541682493618,0.01788796180366698,1.8215368691370017
923,0.7,0.6,1.0,1.8230946612076946,0.02777872820434205,1.8362671110258728
924,0.7,0.7,0.0,0.0,0.0,-0.0
925,0.7,0.7,0.1,1.609998145810939,0.01326692657636891,1.6061506448578633
926,0.7,0.7,0.2,1.707437496662136,0.01586897216909987,1.7074175885796747
927,0.7,0.7,0.3,1.7588708240081825,0.014573581040035952,1.7586760605377791
928,0.7,0.7,0.4,1.7753380667781755,0.015965276314568046,1.7750165880117699
929,0.7,0.7,0.5,1.7956521691777396,0.015452585857097191,1.794107255723491
930,0.7,0.7,0.6,1.814535279741698,0.02337015636589359,1.8081875876204374
931,0.7,0.7,0.7,1.8338674218350761,0.017836693809371803,1.8348532303302574
932,0.7,0.7,0.8,1.8387016940794798,0.015163415165891961,1.8385461786786848
933,0.7,0.7,0.9,1.8553816100579212,0.012635027449375037,1.8560163422213778
934,0.7,0.7,1.0,1.857676990094315,0.015625283976890312,1.8598909559685917
935,0.7,0.8,0.0,0.0,0.0,-0.0
936,0.7,0.8,0.1,1.6316611478792225,0.010657849380308991,1.6289327848150945
937,0.7,0.8,0.2,1.7298825575664207,0.01235418102123272,1.730998591522164
938,0.7,0.8,0.3,1.778991938966395,0.010121903674328974,1.778094656069451
939,0.7,0.8,0.4,1.8036163822331048,0.013459921103060041,1.8032369364447192
940,0.7,0.8,0.5,1.8228397487784218,0.017234073035310733,1.8190451245380408
941,0.7,0.8,0.6,1.8457037053738259,0.016540502719330878,1.846791670454752
942,0.7,0.8,0.7,1.8641859937151584,0.01469980461228566,1.8668977573628993
943,0.7,0.8,0.8,1.8707958925863264,0.020785461280988397,1.875194111606242
944,0.7,0.8,0.9,1.8723426461637511,0.015559687402232073,1.873169835344342
945,0.7,0.8,1.0,1.8956040467951305,0.007965356284980572,1.895857757675995
946,0.7,0.9,0.0,0.0,0.0,-0.0
947,0.7,0.9,0.1,1.6578517805952786,0.012833830999689794,1.660375229949921
948,0.7,0.9,0.2,1.754964173023992,0.014120877131090451,1.75759901960513
949,0.7,0.9,0.3,1.7958878622375927,0.0151199706135667,1.797756805350514
950,0.7,0.9,0.4,1.8292200934431897,0.019938658956751915,1.833874807203639
951,0.7,0.9,0.5,1.8638597962655972,0.007425534567037239,1.8618499512256728
952,0.7,0.9,0.6,1.8688971942601575,0.016340587051021416,1.8709756907153638
953,0.7,0.9,0.7,1.8776092354348066,0.00966630864700747,1.879432232727164
954,0.7,0.9,0.8,1.8959426121094605,0.01654480991155588,1.899857412714868
955,0.7,0.9,0.9,1.9088548924576798,0.013220010705469186,1.9050800216856774
956,0.7,0.9,1.0,1.9182602915054492,0.009960807888691909,1.9192267272323638
957,0.7,1.0,0.0,0.0,0.0,-0.0
958,0.7,1.0,0.1,1.679004125433769,0.011292879727996547,1.6797550771689402
959,0.7,1.0,0.2,1.7750603191488346,0.011121684894976318,1.7768351948717465
960,0.7,1.0,0.3,1.8298841122124565,0.013194843567164029,1.831771054542264
961,0.7,1.0,0.4,1.8607417883528812,0.013428716162356413,1.8606274731687744
962,0.7,1.0,0.5,1.8761616589382946,0.014429846319241333,1.8763844864108203
963,0.7,1.0,0.6,1.8934035521892274,0.014160641708324272,1.8954117398448684
964,0.7,1.0,0.7,1.9011204128996195,0.011838147958234227,1.9026394334962995
965,0.7,1.0,0.8,1.9188943822567548,0.015251956576238731,1.9211104363229548
966,0.7,1.0,0.9,1.9332040734612206,0.0158312187848291,1.936871689297744
967,0.7,1.0,1.0,1.9371953642338888,0.012934400061530986,1.9373445942427892
968,0.8,0.0,0.0,0.0,0.0,-0.0
969,0.8,0.0,0.1,0.0,0.0,-0.0
970,0.8,0.0,0.2,0.0,0.0,-0.0
971,0.8,0.0,0.3,0.0,0.0,-0.0
972,0.8,0.0,0.4,0.0,0.0,-0.0
973,0.8,0.0,0.5,0.0,0.0,-0.0
974,0.8,0.0,0.6,0.0,0.0,-0.0
975,0.8,0.0,0.7,0.0,0.0,-0.0
976,0.8,0.0,0.8,0.0,0.0,-0.0
977,0.8,0.0,0.9,0.0,0.0,-0.0
978,0.8,0.0,1.0,0.0,0.0,-0.0
979,0.8,0.1,0.0,0.0,0.0,-0.0
980,0.8,0.1,0.1,1.2117475785328433,0.015928596532379605,1.2140062708637025
981,0.8,0.1,0.2,1.3104625371594436,0.01194546103422277,1.3083004832282183
982,0.8,0.1,0.3,1.35976715333106,0.02233549456177217,1.3622458639591921
983,0.8,0.1,0.4,1.3900530865545444,0.01233054390454319,1.3867038020710392
984,0.8,0.1,0.5,1.4100202806040283,0.012838332084256256,1.409840109760688
985,0.8,0.1,0.6,1.4262568840412997,0.017424130535497552,1.4257882222154121
986,0.8,0.1,0.7,1.4339569309266795,0.01631468351554545,1.437514122947664
987,0.8,0.1,0.8,1.453698317424069,0.012205817224490158,1.4492576538153097
988,0.8,0.1,0.9,1.4665845035737433,0.010894355795240092,1.466671696592476
989,0.8,0.1,1.0,1.4779927425032144,0.010882960640533198,1.477448240623509
990,0.8,0.2,0.0,0.0,0.0,-0.0
991,0.8,0.2,0.1,1.3615577167711077,0.013468568909454031,1.3593117144951876
992,0.8,0.2,0.2,1.452260460573286,0.02035784529482358,1.455407563219235
993,0.8,0.2,0.3,1.506157509259695,0.0152903948054872,1.5133855444377444
994,0.8,0.2,0.4,1.535190664784893,0.008201466285109942,1.5336327626635993
995,0.8,0.2,0.5,1.5560172311667746,0.013123535823006198,1.5557386563257904
996,0.8,0.2,0.6,1.5766529342182132,0.012874189391115086,1.5751885810417532
997,0.8,0.2,0.7,1.5884283696732031,0.008797918990976853,1.5863588520366254
998,0.8,0.2,0.8,1.5955125048287626,0.007262605557079451,1.5947322525901817
999,0.8,0.2,0.9,1.6081004300424095,0.01544509958707382,1.6103841581534057
1000,0.8,0.2,1.0,1.6188641767134997,0.008987951284278761,1.617880136635713
1001,0.8,0.3,0.0,0.0,0.0,-0.0
1002,0.8,0.3,0.1,1.454356766102436,0.009643415871182635,1.4524940964507198
1003,0.8,0.3,0.2,1.5416531884483446,0.010040367694188538,1.5407937870853987
1004,0.8,0.3,0.3,1.6034986613645352,0.006451703604424072,1.603913067154415
1005,0.8,0.3,0.4,1.6273748121756952,0.014554362294123248,1.62566860931104
1006,0.8,0.3,0.5,1.6465368911916403,0.012413775143161193,1.649044876818302
1007,0.8,0.3,0.6,1.65909454377794,0.015450116207098765,1.6567167933863605
1008,0.8,0.3,0.7,1.6768390876009616,0.014713293135287958,1.6781243453865744
1009,0.8,0.3,0.8,1.6836322395208352,0.01839816456030649,1.6842846290590212
1010,0.8,0.3,0.9,1.6959785345655014,0.00841049131985128,1.6971183452375374
1011,0.8,0.3,1.0,1.711015214124694,0.011785264207055477,1.7092045658076704
1012,0.8,0.4,0.0,0.0,0.0,-0.0
1013,0.8,0.4,0.1,1.5149001490148262,0.009603308707254336,1.5131167779288108
1014,0.8,0.4,0.2,1.608447581267209,0.010607572120123424,1.6080160173636364
1015,0.8,0.4,0.3,1.6546436954390444,0.012230089479103886,1.6556322988193541
1016,0.8,0.4,0.4,1.687619411530002,0.0120338134104794,1.685973619540422
1017,0.8,0.4,0.5,1.710334476285998,0.016086063961436015,1.7116838380377994
1018,0.8,0.4,0.6,1.7275467018405841,0.01071258296251281,1.72837961407098
1019,0.8,0.4,0.7,1.7340087998357674,0.009142195178228972,1.7329845502398433
1020,0.8,0.4,0.8,1.7472349618044043,0.014781805874593329,1.7429653845600113
1021,0.8,0.4,0.9,1.754446213543294,0.011208932446421837,1.7573521329179131
1022,0.8,0.4,1.0,1.770149721713916,0.007706889957750719,1.7695639558081138
1023,0.8,0.5,0.0,0.0,0.0,-0.0
1024,0.8,0.5,0.1,1.5624083620848674,0.009070460485745497,1.5593979716959057
1025,0.8,0.5,0.2,1.6465834962934587,0.015506113168927579,1.6497785061900954
1026,0.8,0.5,0.3,1.7049740848449104,0.011563245941746361,1.7027396493185023
1027,0.8,0.5,0.4,1.7298272696732266,0.014466300168254299,1.7254879322371857
1028,0.8,0.5,0.5,1.7611819019172903,0.011762916648771304,1.7604594945108234
1029,0.8,0.5,0.6,1.7676022377518064,0.012765746521195465,1.7677956072993444
1030,0.8,0.5,0.7,1.7898444129222608,0.009823639209576249,1.792274432918055
1031,0.8,0.5,0.8,1.7958214594403672,0.011923398477171348,1.7977547994353973
1032,0.8,0.5,0.9,1.8059928908599314,0.015044468787246414,1.8029811401339493
1033,0.8,0.5,1.0,1.8146915708624434,0.009315323258985882,1.8177143897571184
1034,0.8,0.6,0.0,0.0,0.0,-0.0
1035,0.8,0.6,0.1,1.5963972053035678,0.007458251263106024,1.5979455364906372
1036,0.8,0.6,0.2,1.69152095693716,0.0065201790421331104,1.6923982835633185
1037,0.8,0.6,0.3,1.7405067497854663,0.016163961592086776,1.7413534872510552
1038,0.8,0.6,0.4,1.770532522476421,0.010052265689300231,1.7728228421893228
1039,0.8,0.6,0.5,1.7890972992440166,0.008168927935691848,1.789598022617891
1040,0.8,0.6,0.6,1.8077799958229668,0.011087757675227348,1.8061519444967202
1041,0.8,0.6,0.7,1.8219161125779446,0.0076019821389037845,1.8216521950162756
1042,0.8,0.6,0.8,1.8358613549529808,0.015384912030983187,1.8404036025688988
1043,0.8,0.6,0.9,1.836089308443252,0.01421014505292268,1.841203042642766
1044,0.8,0.6,1.0,1.8464495269136747,0.012438519431677189,1.8422146735585323
1045,0.8,0.7,0.0,0.0,0.0,-0.0
1046,0.8,0.7,0.1,1.6374976070899643,0.015549806078409036,1.6425134418228255
1047,0.8,0.7,0.2,1.7230083300744556,0.010226349573227841,1.7271695030060639
1048,0.8,0.7,0.3,1.7672885405789003,0.011418349793065781,1.7674328513464692
1049,0.8,0.7,0.4,1.807747609031551,0.005484277283996206,1.808283160019779
1050,0.8,0.7,0.5,1.8250083679067484,0.011776167089035419,1.8234541701978797
1051,0.8,0.7,0.6,1.8375698377133372,0.010737969203415161,1.8345447142033975
1052,0.8,0.7,0.7,1.853800206671017,0.00864140447564429,1.8544681285065272
1053,0.8,0.7,0.8,1.8662636778115516,0.014479792517145032,1.864502750074783
1054,0.8,0.7,0.9,1.8751987630061824,0.011064219351843345,1.8748909533025604
1055,0.8,0.7,1.0,1.8812246513900295,0.011859954304876312,1.883036935501464
1056,0.8,0.8,0.0,0.0,0.0,-0.0
1057,0.8,0.8,0.1,1.658005770570084,0.009768786372521742,1.6569049889429703
1058,0.8,0.8,0.2,1.7544322038605074,0.014037805013726992,1.756875282165446
1059,0.8,0.8,0.3,1.802538195999675,0.009161966514335523,1.8040448817405004
1060,0.8,0.8,0.4,1.8293645456855088,0.006925995799206774,1.8267649189279838
1061,0.8,0.8,0.5,1.8506876468833053,0.01099565532930831,1.8555926324331136
1062,0.8,0.8,0.6,1.8688628310431554,0.009609957991107554,1.8683461446615108
1063,0.8,0.8,0.7,1.8855419158435809,0.013757109376036634,1.891770431946998
1064,0.8,0.8,0.8,1.8931776736908918,0.007617170503360646,1.8941783456731809
1065,0.8,0.8,0.9,1.9043035924085518,0.009316882999237943,1.9033450794027156
1066,0.8,0.8,1.0,1.9111008847769368,0.015957179195782,1.913363540877732
1067,0.8,0.9,0.0,0.0,0.0,-0.0
1068,0.8,0.9,0.1,1.681931873631457,0.008633197017906834,1.6828873652541811
1069,0.8,0.9,0.2,1.775158520795305,0.010312015715705891,1.7729242442547721
1070,0.8,0.9,0.3,1.8257463483931418,0.008082495894490005,1.824731531884092
1071,0.8,0.9,0.4,1.8545946626178842,0.014719637515675739,1.8525931253919858
1072,0.8,0.9,0.5,1.883718494267324,0.007169750268908812,1.8850531063707456
1073,0.8,0.9,0.6,1.8939806264121237,0.012223764686658044,1.89358560944814
1074,0.8,0.9,0.7,1.9017813090486615,0.01098462375810352,1.904308890365702
1075,0.8,0.9,0.8,1.917296853328877,0.008306192005357035,1.9169433699886749
1076,0.8,0.9,0.9,1.925714714475585,0.011502129029773678,1.9245639528477398
1077,0.8,0.9,1.0,1.941578024766164,0.013132837550234134,1.936153159888746
1078,0.8,1.0,0.0,0.0,0.0,-0.0
1079,0.8,1.0,0.1,1.6969764071700344,0.014250683785564815,1.698031062759993
1080,0.8,1.0,0.2,1.7998539295319396,0.014913665028722291,1.7978197287616173
1081,0.8,1.0,0.3,1.8531981929272319,0.014670064467568897,1.8571407970144898
1082,0.8,1.0,0.4,1.874146307104284,0.011006836565245336,1.877618852715023
1083,0.8,1.0,0.5,1.8986679895309677,0.014271545251687803,1.9018643423745996
1084,0.8,1.0,0.6,1.919793909789083,0.014533718456390397,1.9182787097249867
1085,0.8,1.0,0.7,1.9303436055127983,0.008369870329224269,1.9280735687244404
1086,0.8,1.0,0.8,1.9406616640795307,0.010169477941620743,1.9441057077123256
1087,0.8,1.0,0.9,1.9484834486905807,0.005705363462716152,1.9482206239240885
1088,0.8,1.0,1.0,1.9558194213737057,0.011398226154341289,1.9564906429293047
1089,0.9,0.0,0.0,0.0,0.0,-0.0
1090,0.9,0.0,0.1,0.0,0.0,-0.0
1091,0.9,0.0,0.2,0.0,0.0,-0.0
1092,0.9,0.0,0.3,0.0,0.0,-0.0
1093,0.9,0.0,0.4,0.0,0.0,-0.0
1094,0.9,0.0,0.5,0.0,0.0,-0.0
1095,0.9,0.0,0.6,0.0,0.0,-0.0
1096,0.9,0.0,0.7,0.0,0.0,-0.0
1097,0.9,0.0,0.8,0.0,0.0,-0.0
1098,0.9,0.0,0.9,0.0,0.0,-0.0
1099,0.9,0.0,1.0,0.0,0.0,-0.0
1100,0.9,0.1,0.0,0.0,0.0,-0.0
1101,0.9,0.1,0.1,1.2371108754979947,0.01067499431542668,1.2383676752202422
1102,0.9,0.1,0.2,1.331068809391671,0.014459586332198059,1.331129975109731
1103,0.9,0.1,0.3,1.3767331580948048,0.01691521291183537,1.3776381718826716
1104,0.9,0.1,0.4,1.407396525114558,0.011709949107063057,1.4081041248406256
1105,0.9,0.1,0.5,1.4292060846222707,0.011273603822696295,1.4302503844089753
1106,0.9,0.1,0.6,1.4496910697119905,0.013388066535273588,1.4471451999757527
1107,0.9,0.1,0.7,1.4613583343086183,0.011528989067311443,1.464047297540203
1108,0.9,0.1,0.8,1.4791448267261633,0.011087928258240462,1.4794713156016452
1109,0.9,0.1,0.9,1.4852531152418036,0.009420953012761909,1.4841308671815467
1110,0.9,0.1,1.0,1.4934920916118934,0.0050059761164609785,1.492083572270721
1111,0.9,0.2,0.0,0.0,0.0,-0.0
1112,0.9,0.2,0.1,1.3809126323837213,0.011402644310522651,1.3794143367533764
1113,0.9,0.2,0.2,1.4738252006175476,0.009538172683466772,1.4746848325123345
1114,0.9,0.2,0.3,1.5264960844243933,0.00876365975131867,1.5279168767302238
1115,0.9,0.2,0.4,1.5520531265629034,0.01000344197563811,1.5522191368426128
1116,0.9,0.2,0.5,1.5732180734767565,0.013740788889538424,1.568973436180662
1117,0.9,0.2,0.6,1.6000586136723705,0.012346850828637217,1.603011709268999
1118,0.9,0.2,0.7,1.6088487733216614,0.008901538644410656,1.6103792068468312
1119,0.9,0.2,0.8,1.6194170145175437,0.011925188723484607,1.616963724461518
1120,0.9,0.2,0.9,1.633211071510243,0.008189249333990676,1.6340326511487078
1121,0.9,0.2,1.0,1.6400930587902895,0.0076301247817141425,1.6401970295903108
1122,0.9,0.3,0.0,0.0,0.0,-0.0
1123,0.9,0.3,0.1,1.4736371669668595,0.010088635133573437,1.4744540957146808
1124,0.9,0.3,0.2,1.5653253977122152,0.005792195676070586,1.564707660658438
1125,0.9,0.3,0.3,1.6138535015140563,0.012831967055599554,1.6146101282341665
1126,0.9,0.3,0.4,1.6470813714264132,0.005739312724939052,1.6465903709882166
1127,0.9,0.3,0.5,1.6698785108393852,0.006473114142765658,1.671220996719063
1128,0.9,0.3,0.6,1.6826871270237291,0.012675660529130118,1.682273819339077
1129,0.9,0.3,0.7,1.6957128243150934,0.007739650542195151,1.693372662682847
1130,0.9,0.3,0.8,1.7089179185775236,0.00789876650933043,1.7094124221378602
1131,0.9,0.3,0.9,1.7134246482965891,0.011704769823653436,1.7149390006362966
1132,0.9,0.3,1.0,1.728731143925394,0.00647163175013023,1.7295383882236286
1133,0.9,0.4,0.0,0.0,0.0,-0.0
1134,0.9,0.4,0.1,1.5341290217912655,0.007525446557861673,1.5341121088238607
1135,0.9,0.4,0.2,1.6275129316993397,0.008062187468901144,1.628007430274931
1136,0.9,0.4,0.3,1.6739337876526257,0.008848479782888656,1.6762829190279547
1137,0.9,0.4,0.4,1.701525351473519,0.006572721356015201,1.7030097488980493
1138,0.9,0.4,0.5,1.7290576415699888,0.008836209357811915,1.7301715190603058
1139,0.9,0.4,0.6,1.7415450737083122,0.006409770660342768,1.7404780814785434
1140,0.9,0.4,0.7,1.7566266055417479,0.010642475627910873,1.7548348684750843
1141,0.9,0.4,0.8,1.7686776186455808,0.008398777088706514,1.770290547450796
1142,0.9,0.4,0.9,1.7765154178403502,0.010191790464281238,1.7765424344941703
1143,0.9,0.4,1.0,1.7867305730887946,0.008869529078111688,1.7852977712070115
1144,0.9,0.5,0.0,0.0,0.0,-0.0
1145,0.9,0.5,0.1,1.5818360187597367,0.003882750896637903,1.58233168248797
1146,0.9,0.5,0.2,1.672409193896513,0.006986049395595079,1.6726706975351062
1147,0.9,0.5,0.3,1.7216619342888837,0.008153206694131493,1.722706230279119
1148,0.9,0.5,0.4,1.7575617225496543,0.006841061902816914,1.757778889476699
1149,0.9,0.5,0.5,1.7756763747386632,0.009274922452347224,1.777593318184173
1150,0.9,0.5,0.6,1.7934370304593052,0.01023145509933073,1.7961059784963367
1151,0.9,0.5,0.7,1.8106079722676434,0.01111498273252061,1.812957108538156
1152,0.9,0.5,0.8,1.8151687745922858,0.01173526591339468,1.8170606401601748
1153,0.9,0.5,0.9,1.8246806612164623,0.0039414466755461185,1.825799243081838
1154,0.9,0.5,1.0,1.83485235850696,0.007682781789603279,1.8350376130965094
1155,0.9,0.6,0.0,0.0,0.0,-0.0
1156,0.9,0.6,0.1,1.6195960591696466,0.01039243002516032,1.6216107834179514
1157,0.9,0.6,0.2,1.713387248761753,0.007354427380985356,1.7139974810584118
1158,0.9,0.6,0.3,1.7637915578966719,0.005985190125200671,1.764496933391345
1159,0.9,0.6,0.4,1.7931385806246034,0.008365795711160433,1.7921134773091103
1160,0.9,0.6,0.5,1.8118602893191291,0.010108842730729026,1.8128469548030475
1161,0.9,0.6,0.6,1.83130668500606,0.00549845096874348,1.8299646943537986
1162,0.9,0.6,0.7,1.8427716983509987,0.009880866101778931,1.844088738090515
1163,0.9,0.6,0.8,1.8593161924103423,0.006742924812632535,1.8596309048209965
1164,0.9,0.6,0.9,1.8653902863685736,0.007855379576973751,1.8666210423187306
1165,0.9,0.6,1.0,1.872397490627978,0.008324680009503005,1.8735073457096698
1166,0.9,0.7,0.0,0.0,0.0,-0.0
1167,0.9,0.7,0.1,1.6473926663198832,0.010074088195215485,1.6492460555526975
1168,0.9,0.7,0.2,1.7496097061289215,0.0043388301518005774,1.7497103598629913
1169,0.9,0.7,0.3,1.7976322780588974,0.010077403292220049,1.7993700278731393
1170,0.9,0.7,0.4,1.8256119406525908,0.007634004339140189,1.8249755034175135
1171,0.9,0.7,0.5,1.8463256747633032,0.007161635779878736,1.8457958360123308
1172,0.9,0.7,0.6,1.8609867203889885,0.008948173607466765,1.863129001749261
1173,0.9,0.7,0.7,1.8737184581093274,0.009967200391049626,1.8731724655363131
1174,0.9,0.7,0.8,1.891182979780119,0.006229234891935835,1.890008845522119
1175,0.9,0.7,0.9,1.8988278631888875,0.009841570896601926,1.8981440198673596
1176,0.9,0.7,1.0,1.90634248030405,0.007813834671249914,1.9072847748758122
1177,0.9,0.8,0.0,0.0,0.0,-0.0
1178,0.9,0.8,0.1,1.6802403772912364,0.006315951017042766,1.6821684537693873
1179,0.9,0.8,0.2,1.7758238554891164,0.005172088574669372,1.7776539423881492
1180,0.9,0.8,0.3,1.8249608022082917,0.011515133392544737,1.828929446664772
1181,0.9,0.8,0.4,1.857204135014138,0.0046408880199318705,1.8564892700089834
1182,0.9,0.8,0.5,1.8734612805960225,0.007265523169753164,1.8757914523033037
1183,0.9,0.8,0.6,1.8922762445793986,0.007434140173619003,1.8900440489441186
1184,0.9,0.8,0.7,1.9025948220299198,0.008714643284416084,1.90403250658322
1185,0.9,0.8,0.8,1.914618680009788,0.0074508252425394715,1.914185674330823
1186,0.9,0.8,0.9,1.923793936146503,0.00951884861925658,1.9249166460839566
1187,0.9,0.8,1.0,1.9319675352462073,0.00632730063541771,1.9297116485409453
1188,0.9,0.9,0.0,0.0,0.0,-0.0
1189,0.9,0.9,0.1,1.701679054624627,0.0095057415707786,1.7032466645417585
1190,0.9,0.9,0.2,1.79865022694015,0.006590758442125957,1.7983307259537629
1191,0.9,0.9,0.3,1.8502664437141612,0.010286721215530812,1.85261859737903
1192,0.9,0.9,0.4,1.8745870855970002,0.013133626373474065,1.8733613399292093
1193,0.9,0.9,0.5,1.9020856871919751,0.00793796865076836,1.9044935374594139
1194,0.9,0.9,0.6,1.9178609861129012,0.008096500339837777,1.9184132460155534
1195,0.9,0.9,0.7,1.9282488979615824,0.0028058982427438574,1.928146860559599
1196,0.9,0.9,0.8,1.9399859637956811,0.009893212568845627,1.9414882975272028
1197,0.9,0.9,0.9,1.9488925667691561,0.007807942925261192,1.9496007147297418
1198,0.9,0.9,1.0,1.9605472560954105,0.004147814934944857,1.9622797015840368
1199,0.9,1.0,0.0,0.0,0.0,-0.0
1200,0.9,1.0,0.1,1.7262377307665595,0.0065666817178469325,1.7276045563909506
1201,0.9,1.0,0.2,1.817643381842069,0.009245790346507863,1.8213858884994951
1202,0.9,1.0,0.3,1.8694539440486388,0.004871548476181634,1.8697682317134974
1203,0.9,1.0,0.4,1.9025702709107066,0.005891002600132278,1.901516217107843
1204,0.9,1.0,0.5,1.9195591024952947,0.004783866248624732,1.920321179303349
1205,0.9,1.0,0.6,1.9393479644436238,0.008233950174724754,1.9386718384276138
1206,0.9,1.0,0.7,1.9538479881523696,0.006258170797840266,1.9548829078856564
1207,0.9,1.0,0.8,1.9634691914906646,0.00705198285021129,1.9656862328059574
1208,0.9,1.0,0.9,1.9700079639919506,0.006763058349321736,1.9720675356730542
1209,0.9,1.0,1.0,1.978296529446591,0.006724978644920994,1.9771064959414222
1210,1.0,0.0,0.0,0.0,0.0,-0.0
1211,1.0,0.0,0.1,0.0,0.0,-0.0
1212,1.0,0.0,0.2,0.0,0.0,-0.0
1213,1.0,0.0,0.3,0.0,0.0,-0.0
1214,1.0,0.0,0.4,0.0,0.0,-0.0
1215,1.0,0.0,0.5,0.0,0.0,-0.0
1216,1.0,0.0,0.6,0.0,0.0,-0.0
1217,1.0,0.0,0.7,0.0,0.0,-0.0
1218,1.0,0.0,0.8,0.0,0.0,-0.0
1219,1.0,0.0,0.9,0.0,0.0,-0.0
1220,1.0,0.0,1.0,0.0,0.0,-0.0
1221,1.0,0.1,0.0,0.0,0.0,-0.0
1222,1.0,0.1,0.1,1.2574120686207058,0.01128111696932425,1.2602106903156676
1223,1.0,0.1,0.2,1.3515988973634072,0.009871270520965932,1.3514534623123047
1224,1.0,0.1,0.3,1.4018789152129476,0.008796920562393376,1.3990110674077962
1225,1.0,0.1,0.4,1.4199396243213482,0.010994344777057507,1.4208527958594577
1226,1.0,0.1,0.5,1.4477673406294462,0.013311880823849456,1.4440833812952167
1227,1.0,0.1,0.6,1.4673280435453036,0.010459532535214443,1.4649057054194152
1228,1.0,0.1,0.7,1.479523274753691,0.008097593392785542,1.4826973072479643
1229,1.0,0.1,0.8,1.4897459277353513,0.010560749116477707,1.4947758021923732
1230,1.0,0.1,0.9,1.5017528178875552,0.006672744183297159,1.502282251445582
1231,1.0,0.1,1.0,1.5141879904728834,0.012586630388863039,1.5125714922553126
1232,1.0,0.2,0.0,0.0,0.0,-0.0
1233,1.0,0.2,0.1,1.4035470787967692,0.007792755893590666,1.4003843945034538
1234,1.0,0.2,0.2,1.503017625606148,0.00792913808117538,1.5054512390897883
1235,1.0,0.2,0.3,1.5448583340575859,0.005643757837544576,1.5450517757670823
1236,1.0,0.2,0.4,1.5793607805972272,0.006760698183860139,1.5810081715287034
1237,1.0,0.2,0.5,1.6011393772586078,0.004240226712061283,1.6014066285904713
1238,1.0,0.2,0.6,1.6154952081602683,0.00773921561377587,1.6188041520769132
1239,1.0,0.2,0.7,1.6285384677436254,0.009095129244922989,1.6295027665099897
1240,1.0,0.2,0.8,1.6423753833740353,0.00526729227345697,1.6434695236744816
1241,1.0,0.2,0.9,1.6497538420398299,0.007688574703169935,1.6481278954197793
1242,1.0,0.2,1.0,1.6565320997372612,0.004805573095805679,1.656133716194696
1243,1.0,0.3,0.0,0.0,0.0,-0.0
1244,1.0,0.3,0.1,1.490496568081023,0.004210609667598972,1.4909865528082276
1245,1.0,0.3,0.2,1.586828777925161,0.005202587571159568,1.5879833208695326
1246,1.0,0.3,0.3,1.6320060999670172,0.005898277020345558,1.6299697713640544
1247,1.0,0.3,0.4,1.6645017452075475,0.004065315615414213,1.66456737837435
1248,1.0,0.3,0.5,1.6829846613862078,0.0067098855114426465,1.6838254710978218
1249,1.0,0.3,0.6,1.7028439583319706,0.006033975167511866,1.702680506532214
1250,1.0,0.3,0.7,1.7192712693179293,0.006509749502517117,1.7209365655479765
1251,1.0,0.3,0.8,1.7270046781865211,0.005439947529933609,1.7251077710287848
1252,1.0,0.3,0.9,1.7376433144249368,0.006083172738645619,1.7373421861306928
1253,1.0,0.3,1.0,1.7466710793286016,0.004632523343374332,1.7473698474434218
1254,1.0,0.4,0.0,0.0,0.0,-0.0
1255,1.0,0.4,0.1,1.5508805606445446,0.004459247398698896,1.5516418205772555
1256,1.0,0.4,0.2,1.6467657985569057,0.006855084524545938,1.6464511931835322
1257,1.0,0.4,0.3,1.694605614139635,0.006083523679577444,1.6950884979100755
1258,1.0,0.4,0.4,1.726062044730534,0.005324118640827382,1.7254489533105
1259,1.0,0.4,0.5,1.747943423492589,0.0037397747422978083,1.7476025279288814
1260,1.0,0.4,0.6,1.7658543183088011,0.0036826141258618737,1.7659491687995295
1261,1.0,0.4,0.7,1.7781166861729478,0.0033573094608508945,1.777683839988958
1262,1.0,0.4,0.8,1.7868874118883347,0.003204366050701914,1.7867687270648918
1263,1.0,0.4,0.9,1.7977439960573929,0.003282792005553989,1.79718085609571
1264,1.0,0.4,1.0,1.8060576452486399,0.003922492198489512,1.8066684227931493
1265,1.0,0.5,0.0,0.0,0.0,-0.0
1266,1.0,0.5,0.1,1.5979910086426032,0.002902140880818311,1.598074081524947
1267,1.0,0.5,0.2,1.693338561022621,0.0038042227956901196,1.694604809370559
1268,1.0,0.5,0.3,1.7434991338114032,0.003841241340287035,1.7422687312685463
1269,1.0,0.5,0.4,1.774587676323414,0.002258342979014669,1.7738762162628139
1270,1.0,0.5,0.5,1.79448564390716,0.002975278107148806,1.7934587027462716
1271,1.0,0.5,0.6,1.8107743561162557,0.0032699324694535005,1.8105849900959807
1272,1.0,0.5,0.7,1.825954924834615,0.006608126765483185,1.8241953695088555
1273,1.0,0.5,0.8,1.8370411905273514,0.004423689293955068,1.8372243300642201
1274,1.0,0.5,0.9,1.8464220200937498,0.00362123681881718,1.8464818353342087
1275,1.0,0.5,1.0,1.853299460861899,0.0038011181514162238,1.853034994051902
1276,1.0,0.6,0.0,0.0,0.0,-0.0
1277,1.0,0.6,0.1,1.6372207527457625,0.0028583031383053715,1.6366934388087984
1278,1.0,0.6,0.2,1.7325432175653375,0.001998694646938802,1.733288248019186
1279,1.0,0.6,0.3,1.7800486093198127,0.002661117643222087,1.7795394588770435
1280,1.0,0.6,0.4,1.8127251755143032,0.0017480721529014355,1.8124733381431164
1281,1.0,0.6,0.5,1.8334150838517789,0.0028235555731868484,1.833496174458034
1282,1.0,0.6,0.6,1.849879601366481,0.0029502680231361963,1.849567771282334
1283,1.0,0.6,0.7,1.8643407403514725,0.0025863937549901665,1.8641321077370048
1284,1.0,0.6,0.8,1.8743491047348448,0.002739908104698275,1.8747034458133625
1285,1.0,0.6,0.9,1.8839615088357307,0.0025805873895656294,1.88481520120783
1286,1.0,0.6,1.0,1.8929738612364129,0.0019517382158749917,1.8920926151011574
1287,1.0,0.7,0.0,0.0,0.0,-0.0
1288,1.0,0.7,0.1,1.6676963393476594,0.002556923143565463,1.6672906365005762
1289,1.0,0.7,0.2,1.7643807034590957,0.00198921769224405,1.7642736103379908
1290,1.0,0.7,0.3,1.8133206485894142,0.0023736465602349106,1.8133529955597654
1291,1.0,0.7,0.4,1.844499830568937,0.0020904759113413687,1.8441849910349557
1292,1.0,0.7,0.5,1.8666928604224513,0.0020493935923342707,1.8666134349089394
1293,1.0,0.7,0.6,1.8820283636700885,0.0010483250934072783,1.8819591771898907
1294,1.0,0.7,0.7,1.8969537728770416,0.002613530477320402,1.8970438847950604
1295,1.0,0.7,0.8,1.90798215129083,0.003434708709633902,1.9083775286642153
1296,1.0,0.7,0.9,1.9178022703119673,0.002445793177666403,1.9183915416634423
1297,1.0,0.7,1.0,1.9251013454087669,0.002353901810110471,1.9249833232918243
1298,1.0,0.8,0.0,0.0,0.0,-0.0
1299,1.0,0.8,0.1,1.6981874250811806,0.0019376440722297878,1.6982278631864722
1300,1.0,0.8,0.2,1.7931581495983728,0.001604861130959061,1.7932642701123294
1301,1.0,0.8,0.3,1.8418887398181867,0.0016061458040436813,1.8425623228027677
1302,1.0,0.8,0.4,1.8724378780410273,0.0018773369086386316,1.8719749019306886
1303,1.0,0.8,0.5,1.8953667643813514,0.0015710936392359473,1.8955357386105038
1304,1.0,0.8,0.6,1.9123994940209932,0.0013108532942278188,1.9124182516782986
1305,1.0,0.8,0.7,1.924555831348292,0.0015141391725991586,1.9240289886718225
1306,1.0,0.8,0.8,1.9351643175595548,0.0014821169031150468,1.9352448863126417
1307,1.0,0.8,0.9,1.9446418065239155,0.00109781917378424,1.944468624671274
1308,1.0,0.8,1.0,1.953427729553138,0.0019708497557029457,1.9538807881044258
1309,1.0,0.9,0.0,0.0,0.0,-0.0
1310,1.0,0.9,0.1,1.7223693143596859,0.0019246918768236435,1.7225282197421206
1311,1.0,0.9,0.2,1.817567632253655,0.001215042470125132,1.8173769577142345
1312,1.0,0.9,0.3,1.86591735481193,0.0008564118932540991,1.865591583292424
1313,1.0,0.9,0.4,1.897141415165337,0.0008874702858191992,1.8970168215161713
1314,1.0,0.9,0.5,1.9197605824593702,0.0012008377265250933,1.9192835642328623
1315,1.0,0.9,0.6,1.9363251065239921,0.0012651732913436854,1.9361732732611778
1316,1.0,0.9,0.7,1.9498056632914456,0.0010844025987964097,1.9497682195253931
1317,1.0,0.9,0.8,1.9602129539067294,0.0012351748767155104,1.9596978445923297
1318,1.0,0.9,0.9,1.9703909447795305,0.0007112111163782529,1.9702685534029674
1319,1.0,0.9,1.0,1.9772610431067092,0.0005284805206288864,1.977269014192262
1320,1.0,1.0,0.0,0.0,0.0,-0.0
1321,1.0,1.0,0.1,1.744197062454597,0.0008756548473763129,1.7445122533924908
1322,1.0,1.0,0.2,1.8399611373692095,0.0006495493107548348,1.8399197780150862
1323,1.0,1.0,0.3,1.8881915029790073,0.00034847652723317586,1.8880406859589423
1324,1.0,1.0,0.4,1.9194393435626556,0.0002255956755155461,1.9194617056277985
1325,1.0,1.0,0.5,1.9415804605439242,0.00016911904766374423,1.941599962213452
1326,1.0,1.0,0.6,1.9581460139608726,0.00010835446157535495,1.9581259147710468
1327,1.0,1.0,0.7,1.9713862953101624,6.071979776364289e-05,1.9713796320677042
1328,1.0,1.0,0.8,1.9823123234809894,7.801944723558537e-05,1.9823041263398176
1329,1.0,1.0,0.9,1.9917201739777481,3.370301065830199e-05,1.9917231954231527
1330,1.0,1.0,1.0,2.0,0.0,2.0
